CREATE TABLE amigo (
  NUM int NOT NULL,
  NOMBRE varchar(60) default NULL,
  TELEFONO varchar(10) default NULL,
  PRIMARY KEY  (NUM)
) ;

--
-- Dumping data for table biblioteca_03.amigo
--

/*!40000 ALTER TABLE amigo DISABLE KEYS */;

INSERT INTO amigo VALUES  (1,'Pepe Pérez Pérez','555 123 12'),
 (2,'Isabel Peiró García','555 446 56'),
 (3,'Marina Sánchez Vidal','555 789 89'),
 (4,'Eloy Prim Gros','555 566 54'),
 (5,'Yolanda Milanés Cuba','555 458 78'),
 (6,'Félix Díaz Drac','555 566 54'),
 (7,'Isidro Catalá Ferrer','555 232 36');

/*!40000 ALTER TABLE amigo ENABLE KEYS */;


--
-- Table structure for table biblioteca_03.autor
--


CREATE TABLE autor (
  AUTOR_ID varchar(4) NOT NULL,
  NOMBRE varchar(35) default NULL,
  NACIONALIDAD varchar(20) default NULL,
  PRIMARY KEY  (AUTOR_ID)
);

--
-- Dumping data for table biblioteca_03.autor
--

/*!40000 ALTER TABLE autor DISABLE KEYS */;

INSERT INTO autor VALUES  ('ADBI','Bioy Casares, Adolfo','Argentina'),
 ('ADGA','García Morales, Adelaida','Española'),
 ('ADJA','James, Adobe',NULL),
 ('ALBU','Budrys, Algis',NULL),
 ('ALCA','Camús, Albert','Francesa'),
 ('ALCO','Cohen, Albert','Francesa'),
 ('ALGA','Grandes , Almudena','Española'),
 ('ALGR','Grosso, Alfonso','Española'),
 ('ALHU','Huxley, Aldous','Inglesa'),
 ('ALPU','Pushkin, Alexander S.','Rusa'),
 ('ALWA','Walker, Alice',NULL),
 ('AMDE','De Miguel, Amando','Española'),
 ('AMMA','Maalouf, Amin',NULL),
 ('AMPE','Perlmutter, Amos',NULL),
 ('AMTA','Tan, Amy',NULL),
 ('ANBU','Buero Vallejo, Antonio','Española'),
 ('ANDE','Del Cambre, Anne-Marie',NULL),
 ('ANDS','De Saint-Exupéry, Antoine',NULL),
 ('ANGA','Gala, Antonio','Española'),
 ('ANHA','Halam, Ann',NULL),
 ('ANMA','Machado, Antonio','Española'),
 ('ANMU','Muñoz Molina, Antonio','Española'),
 ('ARCL','Clarke, Arthur C.','Inglesa'),
 ('ARCO','Conan Doyle, Arthur (Sir)','Inglesa'),
 ('ARDE','De Hita, Arcipreste','Española'),
 ('ARPE','Pérez Reverte, Arturo','Española');
INSERT INTO autor VALUES  ('AUDH','D´Halmar, Augusto',NULL),
 ('AXMU','Munthe, Axel',NULL),
 ('AZOR','Martínez Ruíz, Jose; Azorín','Española'),
 ('BACO','Copper, Basil',NULL),
 ('BALI','Lillo, Baldomero',NULL),
 ('BEAT','Atxaga, Bernardo','Española'),
 ('BEIM','Imbert, Bertrand',NULL),
 ('BOPA','Pasternak, Boris L.','Rusa'),
 ('BOVI','Vian, Boris','Francesa'),
 ('CACE','Cela, Camilo José','Española'),
 ('CAHE','Hempel, Carl G.',NULL),
 ('CALA','Laforet, Carmen','Española'),
 ('CAMA','Martín Gaite, Carmen','Española'),
 ('CAPE','Penella, Carmen','Española'),
 ('CASU','Suetonio, Cayo',NULL),
 ('CHDI','Dickens, Charles','Inglesa'),
 ('CHJO','Christopher, John',NULL),
 ('COMC','McCullough, Colleen',NULL),
 ('CRHU','Hudson, Cristopher',NULL),
 ('CRPE','Peris Rossi, Cristina','Española'),
 ('DAGO','Goodis, David',NULL),
 ('DAHA','Hammett, Dashiell',NULL),
 ('DAKN','Knight, Damon',NULL),
 ('DALA','Lawrence, D. H.',NULL),
 ('DIFO','Fossey, Dian',NULL),
 ('DOLA','Lapierre, Dominique','Francesa'),
 ('DOWE','Westlake, Donald E.',NULL);
INSERT INTO autor VALUES  ('DUDE','De Rivas, Duque','Española'),
 ('DURO','Rochefoucauld, Duque de la',NULL),
 ('ECRL','Lorac, E.C.L.',NULL),
 ('EDBA','Barrios, Eduardo','Española'),
 ('EDMC','McBain, De',NULL),
 ('EDME','Mendoza, Eduardo','Española'),
 ('EDMN','Mendicutti, Eduardo',NULL),
 ('EDPO','Poe, Edgar Allan','Estadounidense'),
 ('ELPE','Peter, Ellis',NULL),
 ('ELPH','Phillips Oppenheim, El.',NULL),
 ('ELQU','Queen, Ellery',NULL),
 ('EMBR','Brontë, Emily',NULL),
 ('ERHE','Hemingway, Ernest',NULL),
 ('ERSE','Segal, Erich',NULL),
 ('ESTU','Tusquets, Esther','Española'),
 ('ETTA','Taillemite, Étienne',NULL),
 ('FAFL','Flagg, Fannie',NULL),
 ('FEDE','Delgado, Fernando G.','Española'),
 ('FEGA','García Lorca, Federico','Española'),
 ('FEGN','Gana, Federico',NULL),
 ('FESA','Santiván, Fernando',NULL),
 ('FRBR','Brown, Fredric',NULL),
 ('FRFO','Forsyth, Frederick',NULL),
 ('FRKA','Kafka, Franz',NULL),
 ('FRLE','Leiber, Fritz',NULL),
 ('FSFI','Fitzgerald, F.Scott',NULL),
 ('GAGA','García Marquez, Gabriel','Colombiana'),
 ('GECH','Chaucer, Geoffrey',NULL);
INSERT INTO autor VALUES  ('GEKE','Kersh, Gerald',NULL),
 ('GESH','Shaw, George Bernard',NULL),
 ('GESI','Simenon, Georges','Estadounidense'),
 ('GICH','Chesterton, Gilbert Keith','Inglesa'),
 ('GOTO','Torrente Ballesteros, Gonzalo','Española'),
 ('GOVI','Vidal, Gore','Estadounidense'),
 ('GRGR','Green, Graham','Estadounidense'),
 ('GUAP','Apollinaire, Guillaume','Francesa'),
 ('GUFL','Flaubert, Gustave','Francesa'),
 ('HALE','Lee, Harper',NULL),
 ('HEJA','James, Henry','Estadounidense'),
 ('HERA','Raucher, Herman',NULL),
 ('HESL','Slesar, Henry',NULL),
 ('HOME','Homero','Griega'),
 ('IRCO','Cobb, Irving',NULL),
 ('IRSH','Shulman, Irving',NULL),
 ('ISAL','Allende, Isabel','Chilena'),
 ('ISAS','Asimov, Isaac',NULL),
 ('ISDI','Dinesen, Isak','Danesa'),
 ('IVTU','Turgueniev, Ivan','Rusa'),
 ('JABA','Bayly, Jaime','Peruano'),
 ('JACA','Cain, James C.',NULL),
 ('JAEL','Ellison, Jane',NULL),
 ('JAGA','García Sánchez, Javier','Española'),
 ('JAGR','García Hortelano, Juan',NULL),
 ('JAHA','Hadley Chase, James',NULL),
 ('JAJO','Jones, James',NULL);
INSERT INTO autor VALUES  ('JALO','London, Jack','Estadounidense'),
 ('JAMA','Marías, Javier','Española'),
 ('JEAM','Amóztegui, Jesús Ignacio Miguel',NULL),
 ('JEBE','Bermúdez López, Jesús',NULL),
 ('JECH','Chalon, Jean',NULL),
 ('JEFE','Ferrero, Jesús','Española'),
 ('JEFR','Fernández Santos, Jesús','Española'),
 ('JESA','Sartre, Jean-Paul','Francesa'),
 ('JGBA','Ballard, J. G.',NULL),
 ('JOAL','Aldecoa, Josefina R.','Española'),
 ('JOBE','Bello, Joaquín Edwards',NULL),
 ('JOBO','Borges, Jorge Luis','Argentina'),
 ('JOBR','Borrell, Joaquín','Española'),
 ('JOBU','Burek, John',NULL),
 ('JOCO','Conrad, Joseph','Estadounidense'),
 ('JOCR','Cordovez Moure, José María',NULL),
 ('JOGI','Giménez-Frontín, José Luis','Española'),
 ('JOLE','Le Carré, John',NULL),
 ('JOPL','Pla, Josep','Española'),
 ('JORI','Riera de Leyva, José María','Española'),
 ('JOSA','Sampedro, José Luis','Española'),
 ('JOWY','Wyndham, John',NULL),
 ('JUCO','Cortázar, Julio','Argentina'),
 ('JUGO','Goytisolo, Juan','Española');
INSERT INTO autor VALUES  ('JUMI','Millás, Juan José','Española'),
 ('JURU','Rulfo, Juan',NULL),
 ('JUVA','Valera, Juan','Española'),
 ('JUVE','Verne, Jules','Francesa'),
 ('KAHE','Hepburn, Katharine','Estadounidense'),
 ('KEFO','Follet, Ken','Estadounidense'),
 ('KEKE','Kesey, Ken',NULL),
 ('KEMO','Mourad, Kenizé',NULL),
 ('KUVO','Vonnegut, Kurt',NULL),
 ('LACO','Collins, Larry',NULL),
 ('LAES','Esquivel, Laura','Mejicana'),
 ('LARI','Riding, Laura',NULL),
 ('LEAL','Alas \"Clarín\", Leopoldo','Española'),
 ('LECA','Carroll, Lewis','Inglesa'),
 ('LEFE','Fernández de Moratín, Leandro','Española'),
 ('LETO','Tolstoi, León','Rusa'),
 ('LEUR','Uris, León',NULL),
 ('LODE','De Vega, Lope','Española'),
 ('LODU','Durand, Loup',NULL),
 ('LUDE','De Villena, Luis Antonio','Española'),
 ('LULA','Landero, Luis','Española'),
 ('LUMA','Magrinyá, Luis','Española'),
 ('LUSE','Sepúlveda, Luis','Española'),
 ('LUVE','Vélez de Guevara, Luis','Española'),
 ('MABA','Bradbury, Malcom',NULL),
 ('MABR','Brunet, Marta',NULL);
INSERT INTO autor VALUES  ('MADE','De Larra, Mariano José','Española'),
 ('MADU','Duras, Marguerite','Francesa'),
 ('MAGI','Gil Desco, Manuel',NULL),
 ('MAHA','Harris, Marvin',NULL),
 ('MALA','Latorre, Mariano',NULL),
 ('MALO','López , María del Sol',NULL),
 ('MAMI','Millar, Margaret',NULL),
 ('MAMT','Mitchell, Magaret',NULL),
 ('MAPU','Puzo, Mario',NULL),
 ('MARO','Rojas, Manuel',NULL),
 ('MASM','Smith, Martin Cruz',NULL),
 ('MAST','St. Clair, Margaret',NULL),
 ('MAVA','Vargas Llosa, Mario','Peruano'),
 ('MAVQ','Vázquez Montalbán, Manuel','Española'),
 ('MAVZ','Vázquez Alonso, Mariano',NULL),
 ('MAYO','Yourcenar, Marguerite','Francesa'),
 ('MESA','Salisachs, Mercedes','Española'),
 ('MIAL','Allen de  Ford, Miriam',NULL),
 ('MIBU','Burt, Michael',NULL),
 ('MIDE','De Unamuno, Miguel','Española'),
 ('MIDL','Delibes, Miguel','Española'),
 ('MIHE','Hernández, Miguel','Española'),
 ('MIKU','Kundera, Milan','Checa'),
 ('MIMO','Montignac, Michel','Francesa'),
 ('MOWE','West, Morris',NULL),
 ('NIMO','Monsarrat, Nicholas',NULL);
INSERT INTO autor VALUES  ('NUBA','Barker, Nugent',NULL),
 ('OSWI','Wilde, Oscar','Inglesa'),
 ('OVID','Ovidio',NULL),
 ('PAHI','Highsmith, Patricia',NULL),
 ('PANE','Neruda, Pablo','Chilena'),
 ('PASU','Süskind, Patrick',NULL),
 ('PEBU','Buck, Pearl S.',NULL),
 ('PECA','Casáldaliga, Pedro','Chilena'),
 ('PEZA','Zarraluki, Pedro','Española'),
 ('PGWO','Wodehouse, P. G.',NULL),
 ('PHVA','Vandenberg, Philipp',NULL),
 ('PIBR','Briant, Pierre',NULL),
 ('PIVE','Véry, Pierre',NULL),
 ('RABE','Benedito Fornas, Rafael',NULL),
 ('RACE','Cebrián, Rafael',NULL),
 ('RACH','Chandler, Raymon','Estadounidense'),
 ('RAJA','Jamis, Rauda',NULL),
 ('RAMA','Maluenda, Rafael',NULL),
 ('RAPE','Pérez de Ayala, Ramón','Española'),
 ('RAQU','Queneau, Raymond',NULL),
 ('RARU','Rusell, Ray',NULL),
 ('RASE','Sender, Ramón J.','Española'),
 ('REST','Stout, Rex',NULL),
 ('RIDA','Dawkins, Richard',NULL),
 ('ROAR','Arthur, Robert',NULL),
 ('ROCH','Chacel, Rosa','Española'),
 ('ROET','Etienne, Robert',NULL),
 ('ROGR','Graves, Robert',NULL);
INSERT INTO autor VALUES  ('ROMO','Montero, Rosa','Española'),
 ('ROSO','Somerlott, Robert',NULL),
 ('ROSP','Spetch, Robert',NULL),
 ('ROST','Stevenson, Robert Louis','Inglesa'),
 ('RUKI','Kipling, Rudyard',NULL),
 ('SASA','Santerbás, Santiago R.',NULL),
 ('SIOR','Ortega, Simone',NULL),
 ('SISH','Sheldon, Sidney',NULL),
 ('SOPU','Puértolas, Soledad','Española'),
 ('STEL','Ellin, Stanley',NULL),
 ('STLE','Lem, Stanislaw',NULL),
 ('TECA','Cabestrero, Teófilo',NULL),
 ('TEMO','Moix, Terenci','Española'),
 ('THDI','Disch, Thomas M.',NULL),
 ('THHA','Harris, Thomas',NULL),
 ('THMA','Mann, Thomas','Alemana'),
 ('THST','Sturgeon, Theodore',NULL),
 ('THWH','White, T. H.',NULL),
 ('TIDE','De Molina, Tirso','Española'),
 ('TOCL','Clancy, Tom',NULL),
 ('TOMO','Moro, Tomás','Italiana'),
 ('TOSH','Sharp, Tom',NULL),
 ('UMEC','Eco, Umberto','Italiana'),
 ('VIBA','Baum, Vicky','Inglesa'),
 ('VIHE','Hernando, Violeta',NULL),
 ('VLBA','Bartol, Vladimir',NULL),
 ('WAIR','Irving, Washington',NULL),
 ('WICO','Collins, Wilkie','Inglesa');
INSERT INTO autor VALUES  ('WIFA','Faulkner, William','Estadounidense'),
 ('WISA','Sambrot, William',NULL),
 ('WIVA','Van Orman Quine, Willard',NULL),
 ('WIWO','Wood, William',NULL);

/*!40000 ALTER TABLE autor ENABLE KEYS */;


--
-- Table structure for table biblioteca_03.escribir
--


CREATE TABLE escribir (
  AUTOR_ID varchar(4) NOT NULL,
  COD_OB float NOT NULL,
  PRIMARY KEY  (AUTOR_ID,COD_OB),
);

--
-- Dumping data for table biblioteca_03.escribir
--

/*!40000 ALTER TABLE escribir DISABLE KEYS */;

INSERT INTO escribir VALUES  ('ADBI',399.00000),
 ('ADGA',371.00000),
 ('ADJA',239.00000),
 ('ALBU',248.00000),
 ('ALCA',418.00000),
 ('ALCO',129.00000),
 ('ALGA',11.00000),
 ('ALGR',56.00000),
 ('ALHU',21.00000),
 ('ALPU',456.00000),
 ('ALWA',127.00000),
 ('AMDE',132.00000),
 ('AMMA',320.00000),
 ('AMMA',321.00000),
 ('AMMA',322.00000),
 ('AMPE',10.00000),
 ('AMTA',458.00000),
 ('ANBU',263.00000),
 ('ANBU',264.00000),
 ('ANDE',5.00000),
 ('ANDS',421.00000),
 ('ANGA',359.00000),
 ('ANHA',451.00000),
 ('ANMA',386.00000),
 ('ANMU',330.00000),
 ('ARCL',568.00000),
 ('ARCL',569.00000),
 ('ARCL',570.00000),
 ('ARCL',571.00000),
 ('ARCL',572.00000),
 ('ARCL',573.00000),
 ('ARCL',574.00000),
 ('ARCL',575.00000),
 ('ARCL',576.00000),
 ('ARCL',577.00000),
 ('ARCL',578.00000),
 ('ARCL',579.00000),
 ('ARCL',580.00000),
 ('ARCL',581.00000),
 ('ARCL',582.00000),
 ('ARCO',66.00000),
 ('ARCO',67.00000),
 ('ARCO',68.00000),
 ('ARCO',69.00000),
 ('ARCO',70.00000),
 ('ARCO',71.00000),
 ('ARCO',72.00000),
 ('ARCO',73.00000);
INSERT INTO escribir VALUES  ('ARCO',74.00000),
 ('ARCO',75.00000),
 ('ARCO',76.00000),
 ('ARCO',77.00000),
 ('ARCO',78.00000),
 ('ARDE',260.00000),
 ('ARPE',379.00000),
 ('ARPE',380.00000),
 ('AUDH',46.00000),
 ('AXMU',430.00000),
 ('AZOR',266.00000),
 ('AZOR',267.00000),
 ('AZOR',268.00000),
 ('AZOR',269.00000),
 ('AZOR',270.00000),
 ('AZOR',271.00000),
 ('AZOR',272.00000),
 ('AZOR',273.00000),
 ('AZOR',274.00000),
 ('AZOR',275.00000),
 ('AZOR',276.00000),
 ('AZOR',277.00000),
 ('AZOR',278.00000),
 ('AZOR',279.00000),
 ('AZOR',280.00000),
 ('AZOR',281.00000),
 ('AZOR',282.00000),
 ('AZOR',283.00000),
 ('AZOR',284.00000),
 ('BACO',227.00000),
 ('BALI',44.00000),
 ('BEAT',403.00000),
 ('BEIM',346.00000),
 ('BOPA',468.00000),
 ('BOVI',360.00000),
 ('BOVI',361.00000),
 ('BOVI',362.00000),
 ('BOVI',363.00000),
 ('BOVI',364.00000),
 ('CACE',190.00000),
 ('CACE',191.00000),
 ('CACE',310.00000),
 ('CACE',387.00000),
 ('CAHE',417.00000),
 ('CALA',368.00000),
 ('CAMA',34.00000),
 ('CAMA',177.00000),
 ('CAMA',180.00000);
INSERT INTO escribir VALUES  ('CAMA',259.00000),
 ('CAMA',344.00000),
 ('CAMA',347.00000),
 ('CAMA',348.00000),
 ('CAMA',350.00000),
 ('CAMA',351.00000),
 ('CAMA',352.00000),
 ('CAMA',394.00000),
 ('CAMA',524.00000),
 ('CAMA',583.00000),
 ('CAMA',584.00000),
 ('CAMA',585.00000),
 ('CAMA',586.00000),
 ('CAMA',587.00000),
 ('CAMA',588.00000),
 ('CAMA',589.00000),
 ('CAMA',590.00000),
 ('CAMA',591.00000),
 ('CAMA',592.00000),
 ('CAPE',93.00000),
 ('CASU',317.00000),
 ('CHDI',18.00000),
 ('CHJO',20.00000),
 ('COMC',147.00000),
 ('CRHU',128.00000),
 ('DAGO',99.00000),
 ('DAHA',221.00000),
 ('DAKN',230.00000),
 ('DALA',465.00000),
 ('DALA',466.00000),
 ('DIFO',12.00000),
 ('DOLA',151.00000),
 ('DOWE',247.00000),
 ('DUDE',265.00000),
 ('DURO',420.00000),
 ('ECRL',222.00000),
 ('EDBA',49.00000),
 ('EDMC',57.00000),
 ('EDMC',95.00000),
 ('EDMC',96.00000),
 ('EDMC',219.00000),
 ('EDME',155.00000),
 ('EDMN',357.00000),
 ('EDPO',79.00000),
 ('EDPO',80.00000),
 ('EDPO',470.00000),
 ('EDPO',471.00000),
 ('EDPO',472.00000);
INSERT INTO escribir VALUES  ('EDPO',473.00000),
 ('EDPO',474.00000),
 ('EDPO',475.00000),
 ('EDPO',476.00000),
 ('EDPO',477.00000),
 ('EDPO',478.00000),
 ('EDPO',479.00000),
 ('EDPO',480.00000),
 ('EDPO',481.00000),
 ('EDPO',482.00000),
 ('EDPO',483.00000),
 ('EDPO',484.00000),
 ('EDPO',485.00000),
 ('EDPO',486.00000),
 ('EDPO',487.00000),
 ('EDPO',488.00000),
 ('EDPO',489.00000),
 ('EDPO',490.00000),
 ('EDPO',491.00000),
 ('EDPO',492.00000),
 ('EDPO',493.00000),
 ('EDPO',494.00000),
 ('EDPO',495.00000),
 ('EDPO',496.00000),
 ('EDPO',497.00000),
 ('EDPO',498.00000),
 ('EDPO',499.00000),
 ('EDPO',500.00000),
 ('EDPO',501.00000),
 ('EDPO',502.00000),
 ('EDPO',503.00000),
 ('ELPE',240.00000),
 ('ELPH',234.00000),
 ('ELQU',98.00000),
 ('EMBR',464.00000),
 ('ERHE',405.00000),
 ('ERSE',87.00000),
 ('ESTU',311.00000),
 ('ETTA',4.00000),
 ('FAFL',413.00000),
 ('FEDE',120.00000),
 ('FEGA',256.00000),
 ('FEGN',45.00000),
 ('FESA',48.00000),
 ('FRBR',97.00000),
 ('FRFO',134.00000),
 ('FRFO',135.00000),
 ('FRFO',136.00000);
INSERT INTO escribir VALUES  ('FRKA',27.00000),
 ('FRKA',28.00000),
 ('FRKA',345.00000),
 ('FRLE',232.00000),
 ('FSFI',122.00000),
 ('GAGA',176.00000),
 ('GAGA',178.00000),
 ('GAGA',179.00000),
 ('GAGA',181.00000),
 ('GAGA',182.00000),
 ('GAGA',183.00000),
 ('GAGA',184.00000),
 ('GAGA',185.00000),
 ('GAGA',186.00000),
 ('GAGA',549.00000),
 ('GAGA',550.00000),
 ('GAGA',551.00000),
 ('GAGA',552.00000),
 ('GAGA',553.00000),
 ('GAGA',554.00000),
 ('GAGA',555.00000),
 ('GAGA',556.00000),
 ('GAGA',557.00000),
 ('GAGA',558.00000),
 ('GAGA',559.00000),
 ('GAGA',560.00000),
 ('GAGA',561.00000),
 ('GAGA',562.00000),
 ('GAGA',563.00000),
 ('GAGA',564.00000),
 ('GAGA',565.00000),
 ('GAGA',566.00000),
 ('GAGA',567.00000),
 ('GECH',431.00000),
 ('GEKE',229.00000),
 ('GESH',467.00000),
 ('GESI',118.00000),
 ('GESI',119.00000),
 ('GICH',433.00000),
 ('GICH',434.00000),
 ('GOTO',390.00000),
 ('GOVI',315.00000),
 ('GOVI',316.00000),
 ('GRGR',145.00000),
 ('GRGR',220.00000),
 ('GUFL',253.00000),
 ('HALE',133.00000),
 ('HEJA',432.00000);
INSERT INTO escribir VALUES  ('HERA',457.00000),
 ('HESL',249.00000),
 ('HOME',32.00000),
 ('IRCO',226.00000),
 ('IRSH',142.00000),
 ('IRSH',469.00000),
 ('ISAL',215.00000),
 ('ISAS',22.00000),
 ('ISAS',23.00000),
 ('ISAS',24.00000),
 ('ISAS',25.00000),
 ('ISAS',26.00000),
 ('ISDI',150.00000),
 ('IVTU',454.00000),
 ('IVTU',455.00000),
 ('JABA',9.00000),
 ('JACA',58.00000),
 ('JAEL',19.00000),
 ('JAGA',401.00000),
 ('JAGA',402.00000),
 ('JAHA',217.00000),
 ('JAJO',62.00000),
 ('JALO',437.00000),
 ('JALO',438.00000),
 ('JALO',439.00000),
 ('JALO',440.00000),
 ('JALO',441.00000),
 ('JALO',442.00000),
 ('JALO',443.00000),
 ('JALO',444.00000),
 ('JALO',445.00000),
 ('JALO',446.00000),
 ('JALO',447.00000),
 ('JAMA',353.00000),
 ('JAMA',354.00000),
 ('JAMA',355.00000),
 ('JAMA',356.00000),
 ('JEAM',8.00000),
 ('JEBE',160.00000),
 ('JECH',41.00000),
 ('JEFE',398.00000),
 ('JEFR',377.00000),
 ('JESA',419.00000),
 ('JGBA',407.00000),
 ('JOAL',397.00000),
 ('JOBE',50.00000),
 ('JOBO',33.00000),
 ('JOBO',192.00000);
INSERT INTO escribir VALUES  ('JOBR',252.00000),
 ('JOBR',381.00000),
 ('JOBU',231.00000),
 ('JOCO',125.00000),
 ('JOCO',126.00000),
 ('JOCR',594.00000),
 ('JOGI',378.00000),
 ('JOLE',61.00000),
 ('JOPL',504.00000),
 ('JOPL',505.00000),
 ('JOPL',506.00000),
 ('JOPL',507.00000),
 ('JOPL',508.00000),
 ('JOPL',509.00000),
 ('JOPL',510.00000),
 ('JOPL',511.00000),
 ('JOPL',512.00000),
 ('JOPL',513.00000),
 ('JOPL',514.00000),
 ('JOPL',515.00000),
 ('JOPL',516.00000),
 ('JOPL',517.00000),
 ('JOPL',518.00000),
 ('JOPL',519.00000),
 ('JOPL',520.00000),
 ('JOPL',521.00000),
 ('JOPL',522.00000),
 ('JOPL',523.00000),
 ('JOPL',525.00000),
 ('JOPL',526.00000),
 ('JOPL',527.00000),
 ('JOPL',528.00000),
 ('JOPL',529.00000),
 ('JOPL',530.00000),
 ('JOPL',531.00000),
 ('JOPL',532.00000),
 ('JOPL',533.00000),
 ('JOPL',534.00000),
 ('JOPL',535.00000),
 ('JOPL',536.00000),
 ('JOPL',537.00000),
 ('JOPL',538.00000),
 ('JOPL',539.00000),
 ('JOPL',540.00000),
 ('JOPL',541.00000),
 ('JOPL',542.00000),
 ('JOPL',543.00000),
 ('JOPL',544.00000);
INSERT INTO escribir VALUES  ('JOPL',545.00000),
 ('JOPL',546.00000),
 ('JOPL',547.00000),
 ('JOPL',548.00000),
 ('JORI',370.00000),
 ('JOSA',156.00000),
 ('JOSA',395.00000),
 ('JOWY',250.00000),
 ('JUCO',197.00000),
 ('JUCO',198.00000),
 ('JUCO',199.00000),
 ('JUCO',200.00000),
 ('JUCO',201.00000),
 ('JUCO',202.00000),
 ('JUCO',203.00000),
 ('JUCO',204.00000),
 ('JUCO',205.00000),
 ('JUCO',206.00000),
 ('JUCO',207.00000),
 ('JUCO',208.00000),
 ('JUCO',209.00000),
 ('JUCO',210.00000),
 ('JUCO',211.00000),
 ('JUCO',212.00000),
 ('JUCO',213.00000),
 ('JUGO',391.00000),
 ('JUMI',372.00000),
 ('JUMI',373.00000),
 ('JUMI',374.00000),
 ('JURU',193.00000),
 ('JUVA',54.00000),
 ('JUVE',453.00000),
 ('KAHE',42.00000),
 ('KEFO',60.00000),
 ('KEFO',149.00000),
 ('KEFO',153.00000),
 ('KEFO',154.00000),
 ('KEKE',40.00000),
 ('KEMO',318.00000),
 ('KUVO',152.00000),
 ('LACO',151.00000),
 ('LAES',287.00000),
 ('LARI',313.00000),
 ('LEAL',367.00000),
 ('LECA',92.00000),
 ('LEFE',286.00000),
 ('LETO',144.00000),
 ('LEUR',88.00000);
INSERT INTO escribir VALUES  ('LODE',261.00000),
 ('LODE',262.00000),
 ('LODU',462.00000),
 ('LUDE',389.00000),
 ('LULA',369.00000),
 ('LUMA',400.00000),
 ('LUSE',214.00000),
 ('LUVE',285.00000),
 ('MABA',138.00000),
 ('MABR',52.00000),
 ('MADE',288.00000),
 ('MADE',289.00000),
 ('MADE',290.00000),
 ('MADE',291.00000),
 ('MADE',292.00000),
 ('MADE',293.00000),
 ('MADE',294.00000),
 ('MADE',295.00000),
 ('MADE',296.00000),
 ('MADE',297.00000),
 ('MADE',298.00000),
 ('MADE',299.00000),
 ('MADE',300.00000),
 ('MADU',427.00000),
 ('MAGI',170.00000),
 ('MAHA',13.00000),
 ('MAHA',14.00000),
 ('MAHA',15.00000),
 ('MALA',51.00000),
 ('MALO',94.00000),
 ('MAMI',216.00000),
 ('MAMI',225.00000),
 ('MAMT',463.00000),
 ('MAPU',140.00000),
 ('MARO',53.00000),
 ('MASM',460.00000),
 ('MAST',241.00000),
 ('MAVA',195.00000),
 ('MAVA',196.00000),
 ('MAVQ',375.00000),
 ('MAVQ',376.00000),
 ('MAVZ',43.00000),
 ('MAYO',428.00000),
 ('MAYO',429.00000),
 ('MESA',358.00000),
 ('MIAL',228.00000),
 ('MIBU',223.00000),
 ('MIDE',254.00000);
INSERT INTO escribir VALUES  ('MIDL',382.00000),
 ('MIDL',383.00000),
 ('MIHE',257.00000),
 ('MIHE',258.00000),
 ('MIKU',426.00000),
 ('MIMO',169.00000),
 ('MOWE',121.00000),
 ('MOWE',143.00000),
 ('NIMO',146.00000),
 ('NUBA',233.00000),
 ('OSWI',435.00000),
 ('OVID',30.00000),
 ('OVID',31.00000),
 ('PAHI',100.00000),
 ('PAHI',101.00000),
 ('PAHI',102.00000),
 ('PAHI',103.00000),
 ('PAHI',104.00000),
 ('PAHI',105.00000),
 ('PAHI',106.00000),
 ('PAHI',107.00000),
 ('PAHI',108.00000),
 ('PAHI',109.00000),
 ('PAHI',110.00000),
 ('PAHI',111.00000),
 ('PAHI',112.00000),
 ('PAHI',113.00000),
 ('PAHI',114.00000),
 ('PAHI',115.00000),
 ('PAHI',116.00000),
 ('PAHI',117.00000),
 ('PANE',187.00000),
 ('PANE',188.00000),
 ('PANE',194.00000),
 ('PASU',406.00000),
 ('PEBU',139.00000),
 ('PECA',416.00000),
 ('PEZA',396.00000),
 ('PGWO',301.00000),
 ('PGWO',302.00000),
 ('PGWO',303.00000),
 ('PGWO',304.00000),
 ('PGWO',305.00000),
 ('PGWO',306.00000),
 ('PGWO',307.00000),
 ('PGWO',308.00000),
 ('PGWO',309.00000),
 ('PHVA',55.00000);
INSERT INTO escribir VALUES  ('PIBR',3.00000),
 ('PIVE',436.00000),
 ('RABE',170.00000),
 ('RACE',157.00000),
 ('RACH',63.00000),
 ('RACH',64.00000),
 ('RACH',65.00000),
 ('RACH',81.00000),
 ('RACH',82.00000),
 ('RACH',83.00000),
 ('RACH',84.00000),
 ('RACH',85.00000),
 ('RACH',86.00000),
 ('RAJA',423.00000),
 ('RAMA',47.00000),
 ('RAPE',384.00000),
 ('RAPE',385.00000),
 ('RAQU',424.00000),
 ('RARU',236.00000),
 ('RASE',365.00000),
 ('RASE',366.00000),
 ('REST',218.00000),
 ('RIDA',16.00000),
 ('ROAR',235.00000),
 ('ROCH',593.00000),
 ('ROET',6.00000),
 ('ROGR',1.00000),
 ('ROGR',2.00000),
 ('ROGR',314.00000),
 ('ROGR',319.00000),
 ('ROMO',189.00000),
 ('ROSO',244.00000),
 ('ROSP',246.00000),
 ('ROST',35.00000),
 ('ROST',36.00000),
 ('ROST',37.00000),
 ('ROST',38.00000),
 ('ROST',39.00000),
 ('RUKI',448.00000),
 ('RUKI',449.00000),
 ('SASA',17.00000),
 ('SASA',90.00000),
 ('SASA',91.00000),
 ('SIOR',164.00000),
 ('SISH',59.00000),
 ('SOPU',392.00000),
 ('STEL',224.00000),
 ('STLE',459.00000),
 ('TECA',415.00000);
INSERT INTO escribir VALUES  ('TEMO',404.00000),
 ('THDI',238.00000),
 ('THHA',141.00000),
 ('THMA',408.00000),
 ('THMA',409.00000),
 ('THMA',410.00000),
 ('THMA',411.00000),
 ('THMA',412.00000),
 ('THST',237.00000),
 ('THWH',243.00000),
 ('TIDE',255.00000),
 ('TOCL',89.00000),
 ('TOMO',422.00000),
 ('TOSH',461.00000),
 ('UMEC',425.00000),
 ('VIBA',137.00000),
 ('VIHE',130.00000),
 ('VLBA',312.00000),
 ('WAIR',29.00000),
 ('WICO',148.00000),
 ('WIFA',414.00000),
 ('WISA',242.00000),
 ('WIVA',7.00000),
 ('WIWO',245.00000);

/*!40000 ALTER TABLE escribir ENABLE KEYS */;


--
-- Table structure for table biblioteca_03.esta_en
--


CREATE TABLE esta_en (
  COD_OB float NOT NULL,
  ID_LIB varchar(10) NOT NULL,
  PRIMARY KEY  (COD_OB,ID_LIB),
  
);

--
-- Dumping data for table biblioteca_03.esta_en
--

/*!40000 ALTER TABLE esta_en DISABLE KEYS */;

INSERT INTO esta_en VALUES  (1.00000,'LIB-000001'),
 (2.00000,'LIB-000002'),
 (3.00000,'LIB-000003'),
 (4.00000,'LIB-000004'),
 (5.00000,'LIB-000005'),
 (6.00000,'LIB-000006'),
 (7.00000,'LIB-000007'),
 (8.00000,'LIB-000008'),
 (9.00000,'LIB-000009'),
 (10.00000,'LIB-000010'),
 (11.00000,'LIB-000011'),
 (12.00000,'LIB-000012'),
 (13.00000,'LIB-000013'),
 (14.00000,'LIB-000014'),
 (15.00000,'LIB-000015'),
 (16.00000,'LIB-000016'),
 (17.00000,'LIB-000017'),
 (18.00000,'LIB-000018'),
 (19.00000,'LIB-000019'),
 (20.00000,'LIB-000020'),
 (21.00000,'LIB-000021'),
 (22.00000,'LIB-000022'),
 (23.00000,'LIB-000023'),
 (24.00000,'LIB-000024'),
 (25.00000,'LIB-000025'),
 (26.00000,'LIB-000026'),
 (27.00000,'LIB-000027'),
 (28.00000,'LIB-000028'),
 (29.00000,'LIB-000029'),
 (30.00000,'LIB-000030'),
 (31.00000,'LIB-000030'),
 (32.00000,'LIB-000032'),
 (33.00000,'LIB-000033'),
 (34.00000,'LIB-000349'),
 (35.00000,'LIB-000035'),
 (36.00000,'LIB-000036'),
 (37.00000,'LIB-000037'),
 (38.00000,'LIB-000038'),
 (39.00000,'LIB-000039');
INSERT INTO esta_en VALUES  (40.00000,'LIB-000040'),
 (41.00000,'LIB-000041'),
 (42.00000,'LIB-000042'),
 (43.00000,'LIB-000043'),
 (44.00000,'LIB-000044'),
 (45.00000,'LIB-000044'),
 (46.00000,'LIB-000044'),
 (47.00000,'LIB-000044'),
 (48.00000,'LIB-000044'),
 (49.00000,'LIB-000044'),
 (50.00000,'LIB-000044'),
 (51.00000,'LIB-000044'),
 (52.00000,'LIB-000044'),
 (53.00000,'LIB-000044'),
 (54.00000,'LIB-000054'),
 (54.00000,'LIB-010054'),
 (55.00000,'LIB-000055'),
 (56.00000,'LIB-000056'),
 (57.00000,'LIB-000057'),
 (58.00000,'LIB-000058'),
 (59.00000,'LIB-000059'),
 (60.00000,'LIB-000060'),
 (61.00000,'LIB-000061'),
 (62.00000,'LIB-000062'),
 (63.00000,'LIB-000063'),
 (64.00000,'LIB-000064'),
 (65.00000,'LIB-000065'),
 (66.00000,'LIB-000066'),
 (67.00000,'LIB-000066'),
 (68.00000,'LIB-000066'),
 (69.00000,'LIB-000066'),
 (70.00000,'LIB-000070'),
 (71.00000,'LIB-000070'),
 (72.00000,'LIB-000070'),
 (73.00000,'LIB-000073'),
 (74.00000,'LIB-000073'),
 (75.00000,'LIB-000073'),
 (76.00000,'LIB-000076'),
 (77.00000,'LIB-000076');
INSERT INTO esta_en VALUES  (78.00000,'LIB-000076'),
 (79.00000,'LIB-000031'),
 (79.00000,'LIB-000470'),
 (80.00000,'LIB-000031'),
 (80.00000,'LIB-000470'),
 (81.00000,'LIB-000081'),
 (82.00000,'LIB-000081'),
 (83.00000,'LIB-000081'),
 (84.00000,'LIB-000084'),
 (85.00000,'LIB-000084'),
 (86.00000,'LIB-000084'),
 (87.00000,'LIB-000087'),
 (88.00000,'LIB-000088'),
 (88.00000,'LIB-010088'),
 (89.00000,'LIB-000089'),
 (90.00000,'LIB-000017'),
 (91.00000,'LIB-000017'),
 (92.00000,'LIB-000092'),
 (93.00000,'LIB-000093'),
 (94.00000,'LIB-000094'),
 (95.00000,'LIB-000095'),
 (96.00000,'LIB-000096'),
 (97.00000,'LIB-000097'),
 (98.00000,'LIB-000098'),
 (99.00000,'LIB-000099'),
 (100.00000,'LIB-000100'),
 (101.00000,'LIB-000100'),
 (102.00000,'LIB-000100'),
 (103.00000,'LIB-000100'),
 (104.00000,'LIB-000100'),
 (105.00000,'LIB-000100'),
 (106.00000,'LIB-000100'),
 (107.00000,'LIB-000100'),
 (108.00000,'LIB-000100'),
 (109.00000,'LIB-000100'),
 (110.00000,'LIB-000100'),
 (111.00000,'LIB-000100'),
 (112.00000,'LIB-000100');
INSERT INTO esta_en VALUES  (113.00000,'LIB-000100'),
 (114.00000,'LIB-000100'),
 (115.00000,'LIB-000100'),
 (116.00000,'LIB-000100'),
 (117.00000,'LIB-000117'),
 (118.00000,'LIB-000118'),
 (119.00000,'LIB-000119'),
 (120.00000,'LIB-000120'),
 (121.00000,'LIB-000121'),
 (122.00000,'LIB-000122'),
 (125.00000,'LIB-000125'),
 (126.00000,'LIB-000125'),
 (127.00000,'LIB-000127'),
 (128.00000,'LIB-000128'),
 (129.00000,'LIB-000129'),
 (130.00000,'LIB-000130'),
 (131.00000,'LIB-000045'),
 (132.00000,'LIB-000132'),
 (133.00000,'LIB-000133'),
 (134.00000,'LIB-000134'),
 (135.00000,'LIB-000135'),
 (136.00000,'LIB-000136'),
 (137.00000,'LIB-000137'),
 (138.00000,'LIB-000138'),
 (139.00000,'LIB-000139'),
 (140.00000,'LIB-000140'),
 (141.00000,'LIB-000141'),
 (142.00000,'LIB-000142'),
 (143.00000,'LIB-000143'),
 (144.00000,'LIB-000144'),
 (145.00000,'LIB-000145'),
 (146.00000,'LIB-000146'),
 (147.00000,'LIB-000147'),
 (148.00000,'LIB-000148'),
 (149.00000,'LIB-000149'),
 (150.00000,'LIB-000150'),
 (151.00000,'LIB-000151');
INSERT INTO esta_en VALUES  (152.00000,'LIB-000152'),
 (153.00000,'LIB-000153'),
 (154.00000,'LIB-000154'),
 (155.00000,'LIB-000155'),
 (156.00000,'LIB-000156'),
 (157.00000,'LIB-000157'),
 (158.00000,'LIB-000158'),
 (159.00000,'LIB-000159'),
 (160.00000,'LIB-000160'),
 (161.00000,'LIB-000161'),
 (162.00000,'LIB-000162'),
 (163.00000,'LIB-000163'),
 (164.00000,'LIB-000164'),
 (165.00000,'LIB-000165'),
 (166.00000,'LIB-000166'),
 (167.00000,'LIB-000167'),
 (168.00000,'LIB-000168'),
 (169.00000,'LIB-000169'),
 (170.00000,'LIB-000170'),
 (171.00000,'LIB-000171'),
 (172.00000,'LIB-000172'),
 (173.00000,'LIB-000173'),
 (176.00000,'LIB-000176'),
 (177.00000,'LIB-000349'),
 (178.00000,'LIB-000178'),
 (179.00000,'LIB-000179'),
 (180.00000,'LIB-000349'),
 (181.00000,'LIB-000181'),
 (182.00000,'LIB-000182'),
 (183.00000,'LIB-000183'),
 (184.00000,'LIB-000184'),
 (185.00000,'LIB-000185'),
 (186.00000,'LIB-000186'),
 (187.00000,'LIB-000187'),
 (188.00000,'LIB-000187'),
 (189.00000,'LIB-000189'),
 (190.00000,'LIB-000190');
INSERT INTO esta_en VALUES  (191.00000,'LIB-000191'),
 (192.00000,'LIB-000192'),
 (193.00000,'LIB-000193'),
 (194.00000,'LIB-000194'),
 (195.00000,'LIB-000195'),
 (196.00000,'LIB-000196'),
 (197.00000,'LIB-000197'),
 (198.00000,'LIB-000197'),
 (199.00000,'LIB-000197'),
 (200.00000,'LIB-000197'),
 (201.00000,'LIB-000197'),
 (202.00000,'LIB-000197'),
 (203.00000,'LIB-000197'),
 (204.00000,'LIB-000197'),
 (205.00000,'LIB-000197'),
 (206.00000,'LIB-000197'),
 (207.00000,'LIB-000197'),
 (208.00000,'LIB-000197'),
 (209.00000,'LIB-000197'),
 (210.00000,'LIB-000197'),
 (211.00000,'LIB-000197'),
 (212.00000,'LIB-000197'),
 (213.00000,'LIB-000213'),
 (214.00000,'LIB-000214'),
 (215.00000,'LIB-000215'),
 (216.00000,'LIB-000216'),
 (217.00000,'LIB-000217'),
 (218.00000,'LIB-000218'),
 (219.00000,'LIB-000219'),
 (220.00000,'LIB-000220'),
 (221.00000,'LIB-000221'),
 (222.00000,'LIB-000222'),
 (223.00000,'LIB-000223'),
 (224.00000,'LIB-000224'),
 (225.00000,'LIB-000225'),
 (226.00000,'LIB-000226'),
 (227.00000,'LIB-000226');
INSERT INTO esta_en VALUES  (228.00000,'LIB-000226'),
 (229.00000,'LIB-000226'),
 (230.00000,'LIB-000226'),
 (231.00000,'LIB-000226'),
 (232.00000,'LIB-000226'),
 (233.00000,'LIB-000226'),
 (234.00000,'LIB-000226'),
 (235.00000,'LIB-000226'),
 (236.00000,'LIB-000226'),
 (237.00000,'LIB-000226'),
 (238.00000,'LIB-000226'),
 (239.00000,'LIB-000226'),
 (240.00000,'LIB-000226'),
 (241.00000,'LIB-000226'),
 (242.00000,'LIB-000226'),
 (243.00000,'LIB-000226'),
 (244.00000,'LIB-000226'),
 (245.00000,'LIB-000226'),
 (246.00000,'LIB-000226'),
 (247.00000,'LIB-000226'),
 (248.00000,'LIB-000226'),
 (249.00000,'LIB-000226'),
 (250.00000,'LIB-000226'),
 (252.00000,'LIB-000046'),
 (253.00000,'LIB-000253'),
 (254.00000,'LIB-000254'),
 (255.00000,'LIB-000255'),
 (256.00000,'LIB-000256'),
 (257.00000,'LIB-000257'),
 (258.00000,'LIB-000258'),
 (259.00000,'LIB-000349'),
 (260.00000,'LIB-000260'),
 (261.00000,'LIB-000261'),
 (262.00000,'LIB-000261'),
 (263.00000,'LIB-000263'),
 (264.00000,'LIB-000263'),
 (265.00000,'LIB-000265');
INSERT INTO esta_en VALUES  (266.00000,'LIB-000266'),
 (267.00000,'LIB-000266'),
 (268.00000,'LIB-000266'),
 (269.00000,'LIB-000266'),
 (270.00000,'LIB-000266'),
 (271.00000,'LIB-000266'),
 (272.00000,'LIB-000266'),
 (273.00000,'LIB-000266'),
 (274.00000,'LIB-000266'),
 (275.00000,'LIB-000266'),
 (276.00000,'LIB-000266'),
 (277.00000,'LIB-000266'),
 (278.00000,'LIB-000266'),
 (279.00000,'LIB-000266'),
 (280.00000,'LIB-000266'),
 (281.00000,'LIB-000266'),
 (282.00000,'LIB-000266'),
 (283.00000,'LIB-000266'),
 (284.00000,'LIB-000266'),
 (285.00000,'LIB-000285'),
 (286.00000,'LIB-000286'),
 (287.00000,'LIB-000287'),
 (288.00000,'LIB-000288'),
 (289.00000,'LIB-000288'),
 (290.00000,'LIB-000288'),
 (291.00000,'LIB-000288'),
 (292.00000,'LIB-000288'),
 (293.00000,'LIB-000288'),
 (294.00000,'LIB-000288'),
 (295.00000,'LIB-000288'),
 (296.00000,'LIB-000288'),
 (297.00000,'LIB-000288'),
 (298.00000,'LIB-000288'),
 (299.00000,'LIB-000288'),
 (300.00000,'LIB-000288'),
 (301.00000,'LIB-000301'),
 (302.00000,'LIB-000301');
INSERT INTO esta_en VALUES  (303.00000,'LIB-000301'),
 (304.00000,'LIB-000301'),
 (305.00000,'LIB-000301'),
 (306.00000,'LIB-000301'),
 (307.00000,'LIB-000301'),
 (308.00000,'LIB-000301'),
 (309.00000,'LIB-000301'),
 (310.00000,'LIB-000310'),
 (311.00000,'LIB-000311'),
 (312.00000,'LIB-000312'),
 (313.00000,'LIB-000313'),
 (314.00000,'LIB-000314'),
 (315.00000,'LIB-000315'),
 (316.00000,'LIB-000316'),
 (317.00000,'LIB-000317'),
 (318.00000,'LIB-000318'),
 (319.00000,'LIB-000319'),
 (320.00000,'LIB-000320'),
 (321.00000,'LIB-000321'),
 (322.00000,'LIB-000322'),
 (330.00000,'LIB-000324'),
 (344.00000,'LIB-000349'),
 (345.00000,'LIB-000345'),
 (346.00000,'LIB-000346'),
 (347.00000,'LIB-000347'),
 (348.00000,'LIB-000348'),
 (350.00000,'LIB-000350'),
 (351.00000,'LIB-000351'),
 (352.00000,'LIB-000352'),
 (353.00000,'LIB-000353'),
 (354.00000,'LIB-000354'),
 (355.00000,'LIB-000355'),
 (356.00000,'LIB-000356'),
 (357.00000,'LIB-000357'),
 (358.00000,'LIB-000358'),
 (359.00000,'LIB-000359'),
 (360.00000,'LIB-000360');
INSERT INTO esta_en VALUES  (361.00000,'LIB-000361'),
 (362.00000,'LIB-000362'),
 (363.00000,'LIB-000363'),
 (364.00000,'LIB-000364'),
 (365.00000,'LIB-000365'),
 (366.00000,'LIB-000366'),
 (367.00000,'LIB-000367'),
 (368.00000,'LIB-000368'),
 (369.00000,'LIB-000369'),
 (370.00000,'LIB-000370'),
 (371.00000,'LIB-000371'),
 (372.00000,'LIB-000372'),
 (373.00000,'LIB-000373'),
 (374.00000,'LIB-000374'),
 (375.00000,'LIB-000375'),
 (376.00000,'LIB-000376'),
 (377.00000,'LIB-000377'),
 (378.00000,'LIB-000378'),
 (379.00000,'LIB-000379'),
 (380.00000,'LIB-000380'),
 (381.00000,'LIB-000381'),
 (382.00000,'LIB-000382'),
 (383.00000,'LIB-000383'),
 (384.00000,'LIB-000384'),
 (385.00000,'LIB-000385'),
 (386.00000,'LIB-000386'),
 (387.00000,'LIB-000387'),
 (389.00000,'LIB-000389'),
 (390.00000,'LIB-000390'),
 (391.00000,'LIB-000391'),
 (392.00000,'LIB-000392'),
 (394.00000,'LIB-000349'),
 (395.00000,'LIB-000395'),
 (396.00000,'LIB-000396'),
 (397.00000,'LIB-000397'),
 (398.00000,'LIB-000398'),
 (399.00000,'LIB-000399');
INSERT INTO esta_en VALUES  (400.00000,'LIB-000400'),
 (401.00000,'LIB-000401'),
 (402.00000,'LIB-000402'),
 (403.00000,'LIB-000403'),
 (404.00000,'LIB-000404'),
 (405.00000,'LIB-000405'),
 (406.00000,'LIB-000406'),
 (407.00000,'LIB-000407'),
 (408.00000,'LIB-000408'),
 (409.00000,'LIB-000409'),
 (410.00000,'LIB-000409'),
 (411.00000,'LIB-000411'),
 (412.00000,'LIB-000411'),
 (413.00000,'LIB-000413'),
 (414.00000,'LIB-000414'),
 (415.00000,'LIB-000415'),
 (416.00000,'LIB-000416'),
 (417.00000,'LIB-000417'),
 (418.00000,'LIB-000418'),
 (419.00000,'LIB-000419'),
 (420.00000,'LIB-000420'),
 (421.00000,'LIB-000421'),
 (422.00000,'LIB-000422'),
 (423.00000,'LIB-000423'),
 (424.00000,'LIB-000424'),
 (425.00000,'LIB-000425'),
 (426.00000,'LIB-000426'),
 (427.00000,'LIB-000427'),
 (428.00000,'LIB-000428'),
 (429.00000,'LIB-000429'),
 (430.00000,'LIB-000430'),
 (431.00000,'LIB-000431'),
 (432.00000,'LIB-000432'),
 (433.00000,'LIB-000433'),
 (434.00000,'LIB-000434'),
 (435.00000,'LIB-000435'),
 (436.00000,'LIB-000436');
INSERT INTO esta_en VALUES  (437.00000,'LIB-000437'),
 (438.00000,'LIB-000437'),
 (439.00000,'LIB-000437'),
 (440.00000,'LIB-000437'),
 (441.00000,'LIB-000437'),
 (442.00000,'LIB-000437'),
 (443.00000,'LIB-000437'),
 (444.00000,'LIB-000437'),
 (445.00000,'LIB-000437'),
 (446.00000,'LIB-000437'),
 (447.00000,'LIB-000437'),
 (448.00000,'LIB-000448'),
 (449.00000,'LIB-000449'),
 (450.00000,'LIB-000450'),
 (451.00000,'LIB-000451'),
 (452.00000,'LIB-000452'),
 (453.00000,'LIB-000453'),
 (454.00000,'LIB-000454'),
 (455.00000,'LIB-000454'),
 (456.00000,'LIB-000456'),
 (457.00000,'LIB-000457'),
 (458.00000,'LIB-000458'),
 (459.00000,'LIB-000459'),
 (460.00000,'LIB-000460'),
 (461.00000,'LIB-000461'),
 (462.00000,'LIB-000462'),
 (463.00000,'LIB-000463'),
 (464.00000,'LIB-000464'),
 (465.00000,'LIB-000465'),
 (466.00000,'LIB-000466'),
 (467.00000,'LIB-000467'),
 (468.00000,'LIB-000468'),
 (469.00000,'LIB-000469'),
 (470.00000,'LIB-000470'),
 (471.00000,'LIB-000470'),
 (472.00000,'LIB-000470'),
 (473.00000,'LIB-000470');
INSERT INTO esta_en VALUES  (474.00000,'LIB-000470'),
 (475.00000,'LIB-000470'),
 (476.00000,'LIB-000470'),
 (477.00000,'LIB-000470'),
 (478.00000,'LIB-000470'),
 (479.00000,'LIB-000470'),
 (480.00000,'LIB-000470'),
 (481.00000,'LIB-000470'),
 (482.00000,'LIB-000470'),
 (483.00000,'LIB-000470'),
 (484.00000,'LIB-000470'),
 (485.00000,'LIB-000470'),
 (486.00000,'LIB-000470'),
 (487.00000,'LIB-000470'),
 (488.00000,'LIB-000470'),
 (489.00000,'LIB-000470'),
 (490.00000,'LIB-000470'),
 (491.00000,'LIB-000470'),
 (492.00000,'LIB-000470'),
 (493.00000,'LIB-000470'),
 (494.00000,'LIB-000470'),
 (495.00000,'LIB-000470'),
 (496.00000,'LIB-000470'),
 (497.00000,'LIB-000470'),
 (498.00000,'LIB-000470'),
 (499.00000,'LIB-000470'),
 (500.00000,'LIB-000470'),
 (501.00000,'LIB-000470'),
 (502.00000,'LIB-000470'),
 (503.00000,'LIB-000470'),
 (504.00000,'LIB-000131'),
 (505.00000,'LIB-000131'),
 (506.00000,'LIB-000131'),
 (507.00000,'LIB-000131'),
 (508.00000,'LIB-000131'),
 (509.00000,'LIB-000131'),
 (510.00000,'LIB-000131');
INSERT INTO esta_en VALUES  (511.00000,'LIB-000131'),
 (512.00000,'LIB-000131'),
 (513.00000,'LIB-000131'),
 (514.00000,'LIB-000131'),
 (515.00000,'LIB-000131'),
 (516.00000,'LIB-000131'),
 (517.00000,'LIB-000131'),
 (518.00000,'LIB-000131'),
 (519.00000,'LIB-000131'),
 (520.00000,'LIB-000131'),
 (521.00000,'LIB-000131'),
 (522.00000,'LIB-000131'),
 (523.00000,'LIB-000131'),
 (524.00000,'LIB-000349'),
 (525.00000,'LIB-000131'),
 (526.00000,'LIB-000131'),
 (527.00000,'LIB-000131'),
 (528.00000,'LIB-000131'),
 (529.00000,'LIB-000131'),
 (530.00000,'LIB-000131'),
 (531.00000,'LIB-000131'),
 (532.00000,'LIB-000131'),
 (533.00000,'LIB-000131'),
 (534.00000,'LIB-000131'),
 (535.00000,'LIB-000131'),
 (536.00000,'LIB-000131'),
 (537.00000,'LIB-000131'),
 (538.00000,'LIB-000131'),
 (539.00000,'LIB-000131'),
 (540.00000,'LIB-000131'),
 (541.00000,'LIB-000131'),
 (542.00000,'LIB-000131'),
 (543.00000,'LIB-000131'),
 (544.00000,'LIB-000131'),
 (545.00000,'LIB-000131'),
 (546.00000,'LIB-000131'),
 (547.00000,'LIB-000131');
INSERT INTO esta_en VALUES  (548.00000,'LIB-000131'),
 (549.00000,'LIB-000177'),
 (550.00000,'LIB-000177'),
 (551.00000,'LIB-000177'),
 (552.00000,'LIB-000177'),
 (553.00000,'LIB-000177'),
 (554.00000,'LIB-000177'),
 (555.00000,'LIB-000177'),
 (556.00000,'LIB-000177'),
 (557.00000,'LIB-000177'),
 (558.00000,'LIB-000177'),
 (559.00000,'LIB-000177'),
 (560.00000,'LIB-000177'),
 (561.00000,'LIB-000180'),
 (562.00000,'LIB-000180'),
 (563.00000,'LIB-000180'),
 (564.00000,'LIB-000180'),
 (565.00000,'LIB-000180'),
 (566.00000,'LIB-000180'),
 (567.00000,'LIB-000180'),
 (568.00000,'LIB-000034'),
 (569.00000,'LIB-000034'),
 (570.00000,'LIB-000034'),
 (571.00000,'LIB-000034'),
 (572.00000,'LIB-000034'),
 (573.00000,'LIB-000034'),
 (574.00000,'LIB-000034'),
 (575.00000,'LIB-000034'),
 (576.00000,'LIB-000034'),
 (577.00000,'LIB-000034'),
 (578.00000,'LIB-000034'),
 (579.00000,'LIB-000034'),
 (580.00000,'LIB-000034'),
 (581.00000,'LIB-000034'),
 (582.00000,'LIB-000034'),
 (583.00000,'LIB-000349'),
 (584.00000,'LIB-000349');
INSERT INTO esta_en VALUES  (585.00000,'LIB-000349'),
 (586.00000,'LIB-000349'),
 (587.00000,'LIB-000349'),
 (588.00000,'LIB-000349'),
 (589.00000,'LIB-000349'),
 (590.00000,'LIB-000349'),
 (591.00000,'LIB-000349'),
 (592.00000,'LIB-000349'),
 (593.00000,'LIB-000047'),
 (594.00000,'LIB-000048');

/*!40000 ALTER TABLE esta_en ENABLE KEYS */;


--
-- Table structure for table biblioteca_03.libro
--


CREATE TABLE libro (
  ID_LIB varchar(10) NOT NULL,
  TITULO varchar(80) default NULL,
  AÑO int default NULL,
  VARIAS_OBRAS int default NULL,
  PRIMARY KEY  (ID_LIB)
) ;

--
-- Dumping data for table biblioteca_03.libro
--

/*!40000 ALTER TABLE libro DISABLE KEYS */;
INSERT INTO libro VALUES  ('LIB-000001',NULL,1996,1),
 ('LIB-000002',NULL,1996,1),
 ('LIB-000003',NULL,1996,1),
 ('LIB-000004',NULL,1996,1),
 ('LIB-000005',NULL,1996,1),
 ('LIB-000006',NULL,1996,1),
 ('LIB-000007',NULL,1994,1),
 ('LIB-000008',NULL,1996,1),
 ('LIB-000009',NULL,1995,1),
 ('LIB-000010',NULL,1996,1),
 ('LIB-000011',NULL,1995,1),
 ('LIB-000012',NULL,NULL,1),
 ('LIB-000013',NULL,1996,1),
 ('LIB-000014',NULL,1996,1),
 ('LIB-000015',NULL,1995,1),
 ('LIB-000016',NULL,1994,1),
 ('LIB-000017','Tres pastiches victorianos',1994,3),
 ('LIB-000018',NULL,1982,1),
 ('LIB-000019',NULL,1990,1),
 ('LIB-000020',NULL,1980,1),
 ('LIB-000021',NULL,NULL,1),
 ('LIB-000022',NULL,NULL,1),
 ('LIB-000023',NULL,1984,1),
 ('LIB-000024',NULL,1984,1),
 ('LIB-000025',NULL,1984,1),
 ('LIB-000026',NULL,NULL,1),
 ('LIB-000027',NULL,1989,1),
 ('LIB-000028',NULL,1989,1),
 ('LIB-000029',NULL,NULL,1),
 ('LIB-000030','Clásicos de Grecia y Roma',NULL,2),
 ('LIB-000031',NULL,NULL,2),
 ('LIB-000032',NULL,NULL,1),
 ('LIB-000033',NULL,NULL,1);
INSERT INTO libro VALUES  ('LIB-000034','Cuentos de la taberna del ciervo blanco',NULL,15),
 ('LIB-000035',NULL,NULL,1),
 ('LIB-000036',NULL,NULL,1),
 ('LIB-000037',NULL,NULL,1),
 ('LIB-000038',NULL,NULL,1),
 ('LIB-000039',NULL,NULL,1),
 ('LIB-000040',NULL,NULL,1),
 ('LIB-000041',NULL,NULL,1),
 ('LIB-000042',NULL,NULL,1),
 ('LIB-000043',NULL,NULL,1),
 ('LIB-000044','Algunos cuentos chilenos',NULL,10),
 ('LIB-000045',NULL,1997,1),
 ('LIB-000046',NULL,1997,1),
 ('LIB-000047',NULL,NULL,1),
 ('LIB-000048',NULL,1997,1),
 ('LIB-000054',NULL,NULL,1),
 ('LIB-000055',NULL,NULL,1),
 ('LIB-000056',NULL,NULL,1),
 ('LIB-000057',NULL,NULL,1),
 ('LIB-000058',NULL,NULL,1),
 ('LIB-000059',NULL,NULL,1),
 ('LIB-000060',NULL,NULL,1),
 ('LIB-000061',NULL,NULL,1),
 ('LIB-000062',NULL,NULL,1),
 ('LIB-000063',NULL,NULL,1),
 ('LIB-000064',NULL,NULL,1),
 ('LIB-000065',NULL,NULL,1),
 ('LIB-000066','Sherlock Holmes. Obras completas I',NULL,4),
 ('LIB-000070','Sherlock Holmes. Obras completas II',NULL,3),
 ('LIB-000073','Sherlock Holmes. Obras completas III',NULL,3),
 ('LIB-000076','La mano parda y otros relatos',NULL,3);
INSERT INTO libro VALUES  ('LIB-000081','Raymon Chandler. Obras selectas I',NULL,3),
 ('LIB-000084','Raymon Chandler. Obras selectas II',NULL,3),
 ('LIB-000087',NULL,NULL,1),
 ('LIB-000088',NULL,NULL,1),
 ('LIB-000089',NULL,NULL,1),
 ('LIB-000092',NULL,NULL,1),
 ('LIB-000093',NULL,NULL,1),
 ('LIB-000094',NULL,NULL,1),
 ('LIB-000095',NULL,NULL,1),
 ('LIB-000096',NULL,NULL,1),
 ('LIB-000097',NULL,NULL,1),
 ('LIB-000098',NULL,NULL,1),
 ('LIB-000099',NULL,NULL,1),
 ('LIB-000100','Pequeños cuentos misóginos',NULL,17),
 ('LIB-000117',NULL,NULL,1),
 ('LIB-000118',NULL,NULL,1),
 ('LIB-000119',NULL,NULL,1),
 ('LIB-000120',NULL,1996,1),
 ('LIB-000121',NULL,NULL,1),
 ('LIB-000122',NULL,NULL,1),
 ('LIB-000125',NULL,NULL,2),
 ('LIB-000127',NULL,NULL,1),
 ('LIB-000128',NULL,NULL,1),
 ('LIB-000129',NULL,NULL,1),
 ('LIB-000130',NULL,1996,1),
 ('LIB-000131','Lo infinitamente pequeño',1996,44),
 ('LIB-000132',NULL,1996,1),
 ('LIB-000133',NULL,NULL,1),
 ('LIB-000134',NULL,NULL,1),
 ('LIB-000135',NULL,NULL,1),
 ('LIB-000136',NULL,NULL,1);
INSERT INTO libro VALUES  ('LIB-000137',NULL,NULL,1),
 ('LIB-000138',NULL,NULL,1),
 ('LIB-000139',NULL,NULL,1),
 ('LIB-000140',NULL,NULL,1),
 ('LIB-000141',NULL,NULL,1),
 ('LIB-000142',NULL,NULL,1),
 ('LIB-000143',NULL,NULL,1),
 ('LIB-000144',NULL,NULL,1),
 ('LIB-000145',NULL,NULL,1),
 ('LIB-000146',NULL,NULL,1),
 ('LIB-000147',NULL,NULL,1),
 ('LIB-000148',NULL,NULL,1),
 ('LIB-000149',NULL,1996,1),
 ('LIB-000150',NULL,NULL,1),
 ('LIB-000151',NULL,NULL,1),
 ('LIB-000152',NULL,NULL,1),
 ('LIB-000153',NULL,NULL,1),
 ('LIB-000154',NULL,NULL,1),
 ('LIB-000155',NULL,1996,1),
 ('LIB-000156',NULL,1994,1),
 ('LIB-000157',NULL,NULL,1),
 ('LIB-000158',NULL,1994,1),
 ('LIB-000159',NULL,1994,1),
 ('LIB-000160',NULL,1994,1),
 ('LIB-000161',NULL,1994,1),
 ('LIB-000162',NULL,NULL,1),
 ('LIB-000163',NULL,1994,1),
 ('LIB-000164',NULL,NULL,1),
 ('LIB-000165',NULL,NULL,1),
 ('LIB-000166',NULL,NULL,1),
 ('LIB-000167',NULL,NULL,1),
 ('LIB-000168',NULL,NULL,1),
 ('LIB-000169',NULL,1995,1),
 ('LIB-000170',NULL,1991,1),
 ('LIB-000171',NULL,NULL,1);
INSERT INTO libro VALUES  ('LIB-000172',NULL,NULL,1),
 ('LIB-000173',NULL,NULL,1),
 ('LIB-000174','Inglés-Español, VOX',NULL,0),
 ('LIB-000175','Francés-Español, Sopena',NULL,0),
 ('LIB-000176',NULL,1996,1),
 ('LIB-000177','Doce cuentos peregrinos',NULL,12),
 ('LIB-000178',NULL,NULL,1),
 ('LIB-000179',NULL,NULL,1),
 ('LIB-000180','La increíble y triste historia de la cándida Eréndida y su abuela desalmada',NULL,7),
 ('LIB-000181',NULL,NULL,1),
 ('LIB-000182',NULL,NULL,1),
 ('LIB-000183',NULL,NULL,1),
 ('LIB-000184',NULL,1992,1),
 ('LIB-000185',NULL,NULL,1),
 ('LIB-000186',NULL,1996,1),
 ('LIB-000187',NULL,1984,2),
 ('LIB-000189',NULL,1984,1),
 ('LIB-000190',NULL,NULL,1),
 ('LIB-000191',NULL,1984,1),
 ('LIB-000192',NULL,NULL,1),
 ('LIB-000193',NULL,NULL,1),
 ('LIB-000194',NULL,NULL,1),
 ('LIB-000195',NULL,NULL,1),
 ('LIB-000196',NULL,1994,1),
 ('LIB-000197','Cuentos',NULL,16),
 ('LIB-000213',NULL,NULL,1),
 ('LIB-000214',NULL,1992,1),
 ('LIB-000215',NULL,NULL,1),
 ('LIB-000216',NULL,NULL,1),
 ('LIB-000217',NULL,NULL,1);
INSERT INTO libro VALUES  ('LIB-000218',NULL,NULL,1),
 ('LIB-000219',NULL,NULL,1),
 ('LIB-000220',NULL,NULL,1),
 ('LIB-000221',NULL,NULL,1),
 ('LIB-000222',NULL,NULL,1),
 ('LIB-000223',NULL,NULL,1),
 ('LIB-000224',NULL,NULL,1),
 ('LIB-000225',NULL,NULL,1),
 ('LIB-000226','Relatos que me asustaron',NULL,25),
 ('LIB-000253',NULL,1995,1),
 ('LIB-000254',NULL,1980,1),
 ('LIB-000255',NULL,NULL,1),
 ('LIB-000256',NULL,NULL,1),
 ('LIB-000257',NULL,NULL,1),
 ('LIB-000258',NULL,NULL,1),
 ('LIB-000260',NULL,NULL,1),
 ('LIB-000261',NULL,NULL,2),
 ('LIB-000263',NULL,NULL,2),
 ('LIB-000265',NULL,NULL,1),
 ('LIB-000266','Blanco en azul',NULL,19),
 ('LIB-000285',NULL,NULL,1),
 ('LIB-000286',NULL,NULL,1),
 ('LIB-000287',NULL,1987,1),
 ('LIB-000288','Vuelva usted mañana y otros artículos',NULL,13),
 ('LIB-000301','Cuentos juveniles',NULL,9),
 ('LIB-000310',NULL,1997,1),
 ('LIB-000311',NULL,1997,1),
 ('LIB-000312',NULL,1993,1),
 ('LIB-000313',NULL,NULL,1),
 ('LIB-000314',NULL,NULL,1),
 ('LIB-000315',NULL,NULL,1),
 ('LIB-000316',NULL,NULL,1);
INSERT INTO libro VALUES  ('LIB-000317',NULL,NULL,1),
 ('LIB-000318',NULL,NULL,1),
 ('LIB-000319',NULL,NULL,1),
 ('LIB-000320',NULL,NULL,1),
 ('LIB-000321',NULL,NULL,1),
 ('LIB-000322',NULL,NULL,1),
 ('LIB-000323','Vox',1992,0),
 ('LIB-000324',NULL,NULL,1),
 ('LIB-000345',NULL,1988,1),
 ('LIB-000346',NULL,NULL,1),
 ('LIB-000347',NULL,NULL,1),
 ('LIB-000348',NULL,1994,1),
 ('LIB-000349','Todos los cuentos. EL balneario y las ataduras',1995,17),
 ('LIB-000350',NULL,1994,1),
 ('LIB-000351',NULL,1996,1),
 ('LIB-000352',NULL,1994,1),
 ('LIB-000353',NULL,1994,1),
 ('LIB-000354',NULL,1993,1),
 ('LIB-000355',NULL,1994,1),
 ('LIB-000356',NULL,1994,1),
 ('LIB-000357',NULL,NULL,1),
 ('LIB-000358',NULL,NULL,1),
 ('LIB-000359',NULL,1994,1),
 ('LIB-000360',NULL,NULL,1),
 ('LIB-000361',NULL,NULL,1),
 ('LIB-000362',NULL,NULL,1),
 ('LIB-000363',NULL,NULL,1),
 ('LIB-000364',NULL,NULL,1),
 ('LIB-000365',NULL,1984,1),
 ('LIB-000366',NULL,NULL,1),
 ('LIB-000367',NULL,NULL,1),
 ('LIB-000368',NULL,NULL,1),
 ('LIB-000369',NULL,NULL,1);
INSERT INTO libro VALUES  ('LIB-000370',NULL,NULL,1),
 ('LIB-000371',NULL,NULL,1),
 ('LIB-000372',NULL,NULL,1),
 ('LIB-000373',NULL,1995,1),
 ('LIB-000374',NULL,NULL,1),
 ('LIB-000375',NULL,NULL,1),
 ('LIB-000376',NULL,NULL,1),
 ('LIB-000377',NULL,NULL,1),
 ('LIB-000378',NULL,NULL,1),
 ('LIB-000379',NULL,NULL,1),
 ('LIB-000380',NULL,NULL,1),
 ('LIB-000381',NULL,NULL,1),
 ('LIB-000382',NULL,1984,1),
 ('LIB-000383',NULL,NULL,1),
 ('LIB-000384',NULL,NULL,1),
 ('LIB-000385',NULL,NULL,1),
 ('LIB-000386',NULL,1993,1),
 ('LIB-000387',NULL,NULL,1),
 ('LIB-000389',NULL,1995,1),
 ('LIB-000390',NULL,1987,1),
 ('LIB-000391',NULL,1994,1),
 ('LIB-000392',NULL,1994,1),
 ('LIB-000395',NULL,NULL,1),
 ('LIB-000396',NULL,1995,1),
 ('LIB-000397',NULL,NULL,1),
 ('LIB-000398',NULL,NULL,1),
 ('LIB-000399',NULL,NULL,1),
 ('LIB-000400',NULL,NULL,1),
 ('LIB-000401',NULL,NULL,1),
 ('LIB-000402',NULL,NULL,1),
 ('LIB-000403',NULL,1995,1),
 ('LIB-000404',NULL,1996,1),
 ('LIB-000405',NULL,1984,1),
 ('LIB-000406',NULL,NULL,1),
 ('LIB-000407',NULL,NULL,1);
INSERT INTO libro VALUES  ('LIB-000408',NULL,1993,1),
 ('LIB-000409',NULL,NULL,2),
 ('LIB-000411',NULL,NULL,2),
 ('LIB-000413',NULL,NULL,1),
 ('LIB-000414',NULL,NULL,1),
 ('LIB-000415',NULL,1981,1),
 ('LIB-000416',NULL,1981,1),
 ('LIB-000417',NULL,1981,1),
 ('LIB-000418',NULL,NULL,1),
 ('LIB-000419',NULL,NULL,1),
 ('LIB-000420',NULL,NULL,1),
 ('LIB-000421',NULL,NULL,1),
 ('LIB-000422',NULL,1995,1),
 ('LIB-000423',NULL,NULL,1),
 ('LIB-000424',NULL,1997,1),
 ('LIB-000425',NULL,NULL,1),
 ('LIB-000426',NULL,1990,1),
 ('LIB-000427',NULL,NULL,1),
 ('LIB-000428',NULL,NULL,1),
 ('LIB-000429',NULL,NULL,1),
 ('LIB-000430',NULL,1993,1),
 ('LIB-000431',NULL,NULL,1),
 ('LIB-000432',NULL,NULL,1),
 ('LIB-000433',NULL,NULL,1),
 ('LIB-000434',NULL,1984,1),
 ('LIB-000435',NULL,NULL,1),
 ('LIB-000436',NULL,NULL,1),
 ('LIB-000437',NULL,NULL,11),
 ('LIB-000448',NULL,NULL,1),
 ('LIB-000449',NULL,NULL,1),
 ('LIB-000450',NULL,NULL,1),
 ('LIB-000451',NULL,NULL,1),
 ('LIB-000452',NULL,NULL,1),
 ('LIB-000453',NULL,NULL,1),
 ('LIB-000454',NULL,NULL,2);
INSERT INTO libro VALUES  ('LIB-000456',NULL,1987,1),
 ('LIB-000457',NULL,NULL,1),
 ('LIB-000458',NULL,NULL,1),
 ('LIB-000459',NULL,NULL,1),
 ('LIB-000460',NULL,NULL,1),
 ('LIB-000461',NULL,NULL,1),
 ('LIB-000462',NULL,NULL,1),
 ('LIB-000463',NULL,NULL,1),
 ('LIB-000464',NULL,NULL,1),
 ('LIB-000465',NULL,NULL,1),
 ('LIB-000466',NULL,1984,1),
 ('LIB-000467',NULL,1984,1),
 ('LIB-000468',NULL,1987,1),
 ('LIB-000469',NULL,NULL,1),
 ('LIB-000470','Narraciones extraordinarias',NULL,36),
 ('LIB-010054',NULL,NULL,1),
 ('LIB-010088',NULL,NULL,1);

/*!40000 ALTER TABLE libro ENABLE KEYS */;


--
-- Table structure for table biblioteca_03.obra
--


CREATE TABLE obra (
  COD_OB float NOT NULL,
  TITULO varchar(80) default NULL,
  TEMATICA varchar(20) default NULL,
  PRIMARY KEY  (COD_OB),
  
) ;

--
-- Dumping data for table biblioteca_03.obra
--

/*!40000 ALTER TABLE obra DISABLE KEYS */;

INSERT INTO obra VALUES  (1.00000,'Los mitos griegos 1','Lógica'),
 (2.00000,'Los mitos griegos 2','Mitología'),
 (3.00000,'Alejandro Magno, de Grecia al Oriente','Histórica'),
 (4.00000,'Por mares desconocidos','Histórica'),
 (5.00000,'Mahoma, la voz de Alá','Histórica'),
 (6.00000,'Pompeya, la ciudad bajo las cenizas','Histórica'),
 (7.00000,'Desde un punto de vista lógico','Lógica'),
 (8.00000,'Del Cantábrico al Mediterráneo','Viajes'),
 (9.00000,'No se lo digas a nadie','Novela'),
 (10.00000,'Israel','Histórica'),
 (11.00000,'Malena es un nombre de tango','Novela'),
 (12.00000,'Gorilas en la niebla','Experiencias'),
 (13.00000,'Bueno para comer','Antropología'),
 (14.00000,'Nuestra especie','Antropología'),
 (15.00000,'Vacas, cerdos, guerras y brujas','Antropología'),
 (16.00000,'El gen egoísta','Antropología'),
 (17.00000,'El último viaje de Mr. Pickwick','Cuento'),
 (18.00000,'Hard times','Clásico'),
 (19.00000,'A fine excess','Novela'),
 (20.00000,'In the beginning','Cuento'),
 (21.00000,'Un mundo feliz','Ciencia Ficción');
INSERT INTO obra VALUES  (22.00000,'El universo (I)','Ciencia Ficción'),
 (23.00000,'Fundación','Ciencia Ficción'),
 (24.00000,'Segunda fundación','Ciencia Ficción'),
 (25.00000,'Fundación e imperio','Ciencia Ficción'),
 (26.00000,'Los propios dioses','Ciencia Ficción'),
 (27.00000,'El castillo',NULL),
 (28.00000,'La muralla china',NULL),
 (29.00000,'Leyendas de la Alhambra','Cuento'),
 (30.00000,'Arte de amar','Clásico'),
 (31.00000,'Amores','Clásico'),
 (32.00000,'Odisea','Clásico'),
 (33.00000,'Artificios','Cuento'),
 (34.00000,'Ya ni me acuerdo','Cuento'),
 (35.00000,'El club de los suicidas','Cuento'),
 (36.00000,'La flecha negra','Aventuras'),
 (37.00000,'El Dr. Jekyll y Mr. Hyde','Misterio'),
 (38.00000,'La isla del tesoro','Aventuras'),
 (39.00000,'Alicia a través del espejo','Cuento'),
 (40.00000,'Alguien voló sobre el nido del cuco','Novela'),
 (41.00000,'Querida María Antonieta','Biografía'),
 (42.00000,'Yo misma','Biografía'),
 (43.00000,'La leyenda del santo grial','Histórica'),
 (44.00000,'El chiflón del diablo','Cuento');
INSERT INTO obra VALUES  (45.00000,'La señora','Cuento'),
 (46.00000,'En provincia','Cuento'),
 (47.00000,'Eloísa','Cuento'),
 (48.00000,'¡Era tan lindo!','Cuento'),
 (49.00000,'La antipatía','Cuento'),
 (50.00000,'El bandido','Cuento'),
 (51.00000,'La desconocida','Cuento'),
 (52.00000,'Doña Santitos','Cuento'),
 (53.00000,'El colocolo','Cuento'),
 (54.00000,'Pepita Jiménez','Clásico'),
 (55.00000,'La conjura sixtina','Misterio'),
 (56.00000,'La buena muerte','Novela'),
 (57.00000,'Hielo','Negra'),
 (58.00000,'El cartero llama dos veces','Novela'),
 (59.00000,'Más allá de la medianoche','Novela'),
 (60.00000,'La isla de las tormentas','Novela'),
 (61.00000,'La chica del tambor','Novela'),
 (62.00000,'De aquí a la eternidad','Novela'),
 (63.00000,'La historia de Poodle Springs','Negra'),
 (64.00000,'EL sueño eterno','Negra'),
 (65.00000,'El largo adiós','Negra'),
 (66.00000,'Estudio en escarlata','Misterio'),
 (67.00000,'EL signo de los cuatro','Misterio'),
 (68.00000,'El perro de los Baskerville','Misterio'),
 (69.00000,'Memorias de Sherlock Holmes','Negra');
INSERT INTO obra VALUES  (70.00000,'Las aventuras de Sherlock Holmes','Misterio'),
 (71.00000,'Sherlock Holmes sigue en pie','Misterio'),
 (72.00000,'El archivo de Sherlock Holmes','Misterio'),
 (73.00000,'La reaparición de Sherlock Holmes','Misterio'),
 (74.00000,'Su último saludo en el escenario','Misterio'),
 (75.00000,'El valle del terror','Misterio'),
 (76.00000,'La mano parda','Misterio'),
 (77.00000,'EL lote 249','Misterio'),
 (78.00000,'El embudo de cuero','Misterio'),
 (79.00000,'Los asesinatos de la calle Morgue','Misterio'),
 (80.00000,'La carta robada','Misterio'),
 (81.00000,'La dama del lago','Negra'),
 (82.00000,'El simple arte de matar','Negra'),
 (83.00000,'Peces de colores','Negra'),
 (84.00000,'Asesino en la lluvia','Negra'),
 (85.00000,'Playback','Negra'),
 (86.00000,'La ventana siniestra','Negra'),
 (87.00000,'Love story','Novela'),
 (88.00000,'Exodo','Novela'),
 (89.00000,'Juego de patriotas','Novela'),
 (90.00000,'Aventuras de Alicia en la cámara oscura','Cuento'),
 (91.00000,'La aventura del quinteto inacabado','Cuento');
INSERT INTO obra VALUES  (92.00000,'EL juego de la lógica','Lógica'),
 (93.00000,'Isabel la católica','Biografía'),
 (94.00000,'Bonaparte','Biografía'),
 (95.00000,'Hasta que la muerte…','Negra'),
 (96.00000,'Calor','Negra'),
 (97.00000,'Llama 3-2-1','Negra'),
 (98.00000,'La ciudad contra Kowalszyk','Negra'),
 (99.00000,'Disparen sobre el pianista','Negra'),
 (100.00000,'La mano','Cuento'),
 (101.00000,'Oona, la alegre mujer de las cavernas','Cuento'),
 (102.00000,'La coqueta','Cuento'),
 (103.00000,'La novelista','Cuento'),
 (104.00000,'La bailarina','Cuento'),
 (105.00000,'La enferma o la encamada','Cuento'),
 (106.00000,'La artista','Cuento'),
 (107.00000,'El ama de casa de clase media','Cuento'),
 (108.00000,'La prostituta autorizada o la esposa','Cuento'),
 (109.00000,'La paridora','Cuento'),
 (110.00000,'El objeto de cama transportable','Cuento'),
 (111.00000,'La perfecta señorita','Cuento'),
 (112.00000,'La suegra silenciosa','Cuento'),
 (113.00000,'La ñoña','Cuento'),
 (114.00000,'La víctima','Cuento');
INSERT INTO obra VALUES  (115.00000,'La evangelizadora','Cuento'),
 (116.00000,'La perfeccionista','Cuento'),
 (117.00000,'Ese dulce mal','Negra'),
 (118.00000,'Maigret y los ancianos','Negra'),
 (119.00000,'Maigret en la audiencia','Negra'),
 (120.00000,'Ciertas personas','Novela'),
 (121.00000,'Las sandalias del pescador','Novela'),
 (122.00000,'El gran Gatsby','Novela'),
 (125.00000,'El corazón de las tinieblas',NULL),
 (126.00000,'La soga al cuello',NULL),
 (127.00000,'El color púrpura','Novela'),
 (128.00000,'Los gritos del silencio','Novela'),
 (129.00000,'Bella del señor','Novela'),
 (130.00000,'Muertos o algo mejor','Novela'),
 (131.00000,'Cocina tradicional vegetariana','Cocina'),
 (132.00000,'La perversión del lenguaje',NULL),
 (133.00000,'Matar a un ruiseñor','Novela'),
 (134.00000,'Chacal','Misterio'),
 (135.00000,'El cuarto protocolo','Misterio'),
 (136.00000,'Odessa','Misterio'),
 (137.00000,'El ángel sin cabeza','Novela'),
 (138.00000,'Cortes','Novela'),
 (139.00000,'Viento del este, viento del oeste','Clásico'),
 (140.00000,'El padrino','Negra');
INSERT INTO obra VALUES  (141.00000,'El silencio de los corderos','Novela'),
 (142.00000,'West side story','Novela'),
 (143.00000,'El embajador','Novela'),
 (144.00000,'Guerra y paz','Clásico'),
 (145.00000,'El factor humano','Misterio'),
 (146.00000,'EL cura de Malta','Novela'),
 (147.00000,'EL pájaro espino',NULL),
 (148.00000,'El millonario tenebroso','Novela'),
 (149.00000,'Una fortuna peligrosa','Novela'),
 (150.00000,'Memorias de África','Novela'),
 (151.00000,'El quinto jinete','Novela'),
 (152.00000,'Pájaro de celda','Novela'),
 (153.00000,'Los pilares de la tierra','Novela'),
 (154.00000,'La clave está en Rebeca','Novela'),
 (155.00000,'La ciudad de los prodigios','Novela'),
 (156.00000,'La sombra de los días','Novela'),
 (157.00000,'Montañas valencianas: comarcas alicantinas','Viajes'),
 (158.00000,'GR11: Muga de Zuriza-Puente de Salenques','Viajes'),
 (159.00000,'Andar por Cabo de Gata','Viajes'),
 (160.00000,'La Alhambra y el Generalife','Viajes'),
 (161.00000,'Escandinavia','Viajes'),
 (162.00000,'La guía de Valencia y 49 municipios','Viajes');
INSERT INTO obra VALUES  (163.00000,'México','Viajes'),
 (164.00000,'1080 Recetas de cocina','Cocina'),
 (165.00000,'La guía de la cocina clásica','Cocina'),
 (166.00000,'Biblioteca de oro de la cocina','Cocina'),
 (167.00000,'Diccionario del vino','Cocina'),
 (168.00000,'El arte del pastel de verduras','Cocina'),
 (169.00000,'El método Montignac','Clásico'),
 (170.00000,'A escullar','Cocina'),
 (171.00000,'La cocina ultrarápida con microondas','Cocina'),
 (172.00000,'Microondas para invitar','Cocina'),
 (173.00000,'El gran libro de Bauknecht para el horno de microondas','Cocina'),
 (176.00000,'La aventura de Miguel Littín clandestino en Chile','Novela'),
 (177.00000,'El balneario','Cuento'),
 (178.00000,'Cien años de soledad','Novela'),
 (179.00000,'EL otoño del patriarca','Novela'),
 (180.00000,'Los informes','Cuento'),
 (181.00000,'El general en su laberinto','Novela'),
 (182.00000,'El coronel no tiene quien le escriba','Novela'),
 (183.00000,'Relato de un náufrago','Novela'),
 (184.00000,'La mala hora','Novela');
INSERT INTO obra VALUES  (185.00000,'Crónica de una muerte anunciada','Novela'),
 (186.00000,'Diatriba de amor a un hombre sentado','Novela'),
 (187.00000,'Veinte poemas de amor','Poesía'),
 (188.00000,'Cien sonetos de amor','Poesía'),
 (189.00000,'Te trataré como una reina','Novela'),
 (190.00000,'La colmena','Novela'),
 (191.00000,'La familia de Pascual Duarte','Novela'),
 (192.00000,'El Aleph','Novela'),
 (193.00000,'El llano en llamas','Novela'),
 (194.00000,'Confieso que he vivido. Memorias','Biografía'),
 (195.00000,'Elogio de la madrastra','Novela'),
 (196.00000,'Pantaleón y las visitadoras','Novela'),
 (197.00000,'La casa tomada','Cuento'),
 (198.00000,'Lejana','Cuento'),
 (199.00000,'Circe','Cuento'),
 (200.00000,'Bestiario','Cuento'),
 (201.00000,'Las puertas del cielo','Cuento'),
 (202.00000,'Continuidad de los parques','Cuento'),
 (203.00000,'Las ménades','Cuento'),
 (204.00000,'El ídolo de las cícladas','Cuento'),
 (205.00000,'Relato con un fondo de agua','Cuento'),
 (206.00000,'Axolotl','Cuento');
INSERT INTO obra VALUES  (207.00000,'La noche boca arriba','Cuento'),
 (208.00000,'Final del juego','Cuento'),
 (209.00000,'Cartas de mamá','Cuento'),
 (210.00000,'Todos los fuegos, el fuego','Cuento'),
 (211.00000,'La isla a mediodía','Cuento'),
 (212.00000,'El otro cielo','Cuento'),
 (213.00000,'Rayuela','Novela'),
 (214.00000,'Un viejo que leía novelas de amor','Novela'),
 (215.00000,'La casa de los espíritus','Novela'),
 (216.00000,'Muro de ojos','Misterio'),
 (217.00000,'Un asunto de hombres','Misterio'),
 (218.00000,'Planéalo tú mismo','Misterio'),
 (219.00000,'Trampas','Misterio'),
 (220.00000,'El americano impasible','Misterio'),
 (221.00000,'La llave de cristal','Misterio'),
 (222.00000,'Jaque mate al asesino','Misterio'),
 (223.00000,'El caso de las trompetas celestiales','Misterio'),
 (224.00000,'La herencia Valentine','Misterio'),
 (225.00000,'El maligno','Misterio'),
 (226.00000,'Fishhead','Cuento'),
 (227.00000,'La cámara obscura','Cuento'),
 (228.00000,'Una muerte en la familia','Cuento'),
 (229.00000,'Los hombres sin huesos','Cuento');
INSERT INTO obra VALUES  (230.00000,'Sin un ruido','Cuento'),
 (231.00000,'La fiesta de cumpleaños','Cuento'),
 (232.00000,'La equis señala al peatón','Cuento'),
 (233.00000,'La curiosa aventura de Mr. Bond','Cuento'),
 (234.00000,'Dos solteronas','Cuento'),
 (235.00000,'El cuchillo','Cuento'),
 (236.00000,'La jaula','Cuento'),
 (237.00000,'El monstruo','Cuento'),
 (238.00000,'Casablanca','Cuento'),
 (239.00000,'El camino de Mictlantecutli','Cuento'),
 (240.00000,'El guía hacia el castigo','Cuento'),
 (241.00000,'El estuario','Cuento'),
 (242.00000,'Dura ciudad','Cuento'),
 (243.00000,'El enano','Cuento'),
 (244.00000,'Noche en casa de Black','Cuento'),
 (245.00000,'La habitación de los niños','Cuento'),
 (246.00000,'¡Tan real!','Cuento'),
 (247.00000,'Viaje a la muerte','Cuento'),
 (248.00000,'El amo de los perros','Cuento'),
 (249.00000,'El candidato','Cuento'),
 (250.00000,'El misterio de las profundidades','Cuento'),
 (252.00000,'El escribano del secreto','Intriga'),
 (253.00000,'Madame Bovary','Clásico'),
 (254.00000,'San Manuel bueno, mártir','Clásico');
INSERT INTO obra VALUES  (255.00000,'El condenado por desconfiado','Clásico'),
 (256.00000,'La casa de Bernarda Alba','Teatro'),
 (257.00000,'El rayo que no cesa','Poesía'),
 (258.00000,'Poemas','Poesía'),
 (259.00000,'La oficina','Cuento'),
 (260.00000,'Libro de buen amor','Clásico'),
 (261.00000,'Peribáñez y el comendador de Ocaña','Teatro'),
 (262.00000,'La estrella de Sevilla','Teatro'),
 (263.00000,'El tragaluz','Teatro'),
 (264.00000,'El sueño de la razón','Teatro'),
 (265.00000,'Don Álvaro o la fuerza del sino','Teatro'),
 (266.00000,'Fabia Linde','Cuento'),
 (267.00000,'La infidente de sí misma','Cuento'),
 (268.00000,'Los niños en la playa','Cuento'),
 (269.00000,'Rosa, lirio y clavel','Cuento'),
 (270.00000,'En el tercer grado','Cuento'),
 (271.00000,'Tom Grey','Cuento'),
 (272.00000,'El reverso del tapiz','Cuento'),
 (273.00000,'La ecuación','Cuento'),
 (274.00000,'Gestación','Cuento'),
 (275.00000,'La balanza','Cuento'),
 (276.00000,'Voluptuosidad','Cuento'),
 (277.00000,'La mariposa y la llama','Cuento');
INSERT INTO obra VALUES  (278.00000,'El primer milagro','Cuento'),
 (279.00000,'Un incrédulo','Cuento'),
 (280.00000,'Julián Morencos','Cuento'),
 (281.00000,'Una conversión','Cuento'),
 (282.00000,'Las tres pastillitas','Cuento'),
 (283.00000,'Como una estrella errante','Cuento'),
 (284.00000,'Las sirenas','Cuento'),
 (285.00000,'El diablo cojuelo','Clásico'),
 (286.00000,'El sí de las niñas','Teatro'),
 (287.00000,'Como agua para el chocolate','Clásico'),
 (288.00000,'Vuelva usted mañana','Artículo'),
 (289.00000,'Carta a Andrés','Artículo'),
 (290.00000,'Carta segunda escrita a Andrés','Artículo'),
 (291.00000,'El castellano viejo','Artículo'),
 (292.00000,'En este país','Artículo'),
 (293.00000,'Nadie pase sin hablar al portero','Artículo'),
 (294.00000,'La fonda nueva','Artículo'),
 (295.00000,'Carta a Fígaro','Artículo'),
 (296.00000,'Tercera carta','Artículo'),
 (297.00000,'Un reo de muerte','Artículo'),
 (298.00000,'Los calaveras','Artículo'),
 (299.00000,'El día de Difuntos de 1836','Artículo'),
 (300.00000,'La Nochebuena de 1836','Artículo');
INSERT INTO obra VALUES  (301.00000,'Ola de crímenes en el castillo de Blandings','Juvenil'),
 (302.00000,'Un tesoro enterrado','Juvenil'),
 (303.00000,'La ley escrita','Juvenil'),
 (304.00000,'¡Adiós, Legs!','Juvenil'),
 (305.00000,'Siempre golf','Juvenil'),
 (306.00000,'El Trovador Enmascarado','Juvenil'),
 (307.00000,'Del hogar al hogar','Juvenil'),
 (308.00000,'La reaparición de Battling Billson','Juvenil'),
 (309.00000,'Una mentalidad equilibrada','Juvenil'),
 (310.00000,'Judíos, moros y cristianos','Novela'),
 (311.00000,'El amor es un juego solitario','Novela'),
 (312.00000,'Alamut','Novela'),
 (313.00000,'Final troyano','Histórica'),
 (314.00000,'Yo, Claudio','Histórica'),
 (315.00000,'En busca del rey','Histórica'),
 (316.00000,'Jualiano, el Apóstata','Histórica'),
 (317.00000,'Los doce césares','Histórica'),
 (318.00000,'De parte de la princesa muerta','Histórica'),
 (319.00000,'Claudio el dios y su esposa Mesalina','Histórica'),
 (320.00000,'León el Africano','Histórica'),
 (321.00000,'Samarcanda','Histórica');
INSERT INTO obra VALUES  (322.00000,'La roca de Tanios','Histórica'),
 (330.00000,'Un amor imposible','Cuento'),
 (344.00000,'La chica de abajo','Cuento'),
 (345.00000,'La metamorfosis',NULL),
 (346.00000,'El gran desafío de los Polos','Viajes'),
 (347.00000,'Entre visillos','Novela'),
 (348.00000,'Usos amorosos de la postguerra española','Novela'),
 (350.00000,'Nubosidad variable','Novela'),
 (351.00000,'Lo raro es vivir','Novela'),
 (352.00000,'La reina de las nieves','Novela'),
 (353.00000,'El hombre sentimental','Novela'),
 (354.00000,'Todas las almas','Novela'),
 (355.00000,'Corazón tan blanco','Novela'),
 (356.00000,'Mañana en la batalla piensa en mí','Novela'),
 (357.00000,'El palomo cojo','Novela'),
 (358.00000,'La gangrena','Novela'),
 (359.00000,'La pasión turca','Novela'),
 (360.00000,'La hierba roja','Novela'),
 (361.00000,'Con las mujeres no hay quien pueda','Novela'),
 (362.00000,'Que se mueran los feos','Novela'),
 (363.00000,'Escupiré sobre vuestras tumbas','Novela'),
 (364.00000,'El lobo hombre','Cuento');
INSERT INTO obra VALUES  (365.00000,'Réquiem por un campesino español','Novela'),
 (366.00000,'La tesis de Nancy','Novela'),
 (367.00000,'La Regenta','Novela'),
 (368.00000,'Nada','Novela'),
 (369.00000,'Caballeros de fortuna','Novela'),
 (370.00000,'Aves de paso','Novela'),
 (371.00000,'El silencio de las sirenas','Novela'),
 (372.00000,'La soledad era esto','Novela'),
 (373.00000,'Letra muerta','Novela'),
 (374.00000,'El desorden de tu nombre','Novela'),
 (375.00000,'La soledad del manager','Negra'),
 (376.00000,'Galíndez','Novela'),
 (377.00000,'Extramuros','Novela'),
 (378.00000,'Señorear la tierra','Novela'),
 (379.00000,'El maestro de esgrima','Novela'),
 (380.00000,'El club Dumas','Negra'),
 (381.00000,'La lágrima de Atenea','Novela'),
 (382.00000,'Cinco horas con Mario','Novela'),
 (383.00000,'Los santos inocentes','Novela'),
 (384.00000,'Las novelas de Urbano y Simona','Novela'),
 (385.00000,'Antología Asturiana','Novela'),
 (386.00000,'Poesías completas','Poesía'),
 (387.00000,'Mazurca para dos muertos','Novela');
INSERT INTO obra VALUES  (389.00000,'El burdel de Lord Byron','Novela'),
 (390.00000,'Quizá nos lleve el viento al infinito','Novela'),
 (391.00000,'Campos de Níjar','Viajes'),
 (392.00000,'Todos mienten','Novela'),
 (394.00000,'Un día de libertad','Cuento'),
 (395.00000,'La sonrisa etrusca','Novela'),
 (396.00000,'La historia del silencio','Novela'),
 (397.00000,'Mujeres de negro','Novela'),
 (398.00000,'Opium','Novela'),
 (399.00000,'La invención de Morel',NULL),
 (400.00000,'Los aéreos','Novela'),
 (401.00000,'La dama del viento del sur','Novela'),
 (402.00000,'Los amores secretos','Novela'),
 (403.00000,'Obabakoak','Novela'),
 (404.00000,'Olas sobre una roca desierta','Novela'),
 (405.00000,'El viejo y el mar','Novela'),
 (406.00000,'El perfume','Novela'),
 (407.00000,'El imperio del sol','Novela'),
 (408.00000,'Las cabezas trocadas','Novela'),
 (409.00000,'Señor y perro','Novela'),
 (410.00000,'Tonio Kröger','Novela'),
 (411.00000,'La muerte en Venecia','Novela'),
 (412.00000,'Mario y el mago','Novela'),
 (413.00000,'Tomates verdes fritos en el café de Whistle Stop','Novela');
INSERT INTO obra VALUES  (414.00000,'Santuario','Novela'),
 (415.00000,'Los poemas malditos del obispo Casaldáliga',NULL),
 (416.00000,'La muerte que da sentido a mi credo',NULL),
 (417.00000,'Filosofía de la Ciencia Natural','Filosofía'),
 (418.00000,'El extranjero','Novela'),
 (419.00000,'Bosquejo de una teoría de las emociones','Filosofía'),
 (420.00000,'Reflexiones o sentencias y Máximas morales',NULL),
 (421.00000,'El Principito','Cuento'),
 (422.00000,'Utopía','Filosofía'),
 (423.00000,'Frida Kahlo','Biografía'),
 (424.00000,'Un duro invierno','Novela'),
 (425.00000,'El nombre de la rosa','Novela'),
 (426.00000,'El libro de la risa y el olvido','Novela'),
 (427.00000,'El amante','Novela'),
 (428.00000,'Ana, soror…','Novela'),
 (429.00000,'Opus nigrum','Novela'),
 (430.00000,'La historia de San Michele','Novela'),
 (431.00000,'Cuentos de Canterbury','Cuento'),
 (432.00000,'Otra vuelta de tuerca','Juvenil'),
 (433.00000,'El hombre que era jueves','Novela'),
 (434.00000,'El candor del Padre Brown','Negra'),
 (435.00000,'El fantasma de Canterville','Juvenil');
INSERT INTO obra VALUES  (436.00000,'El asesinato de Papá Noel','Juvenil'),
 (437.00000,'Amor a la vida','Cuento'),
 (438.00000,'Una odisea nórdica','Cuento'),
 (439.00000,'El pagano','Cuento'),
 (440.00000,'Ley de vida','Cuento'),
 (441.00000,'El burlado','Cuento'),
 (442.00000,'El fuego de la hoguera','Cuento'),
 (443.00000,'Por un bistec','Cuento'),
 (444.00000,'El silencio blanco','Cuento'),
 (445.00000,'La casa de Mapuhi','Cuento'),
 (446.00000,'El ingenio de Porportuk','Cuento'),
 (447.00000,'La historia de Keesh','Cuento'),
 (448.00000,'Stalky & CO.','Juvenil'),
 (449.00000,'Capitanes intrépidos','Juvenil'),
 (450.00000,'Alí Baba y los cuarenta ladrones','Cuento'),
 (451.00000,'El espíritu de los hielos','Cuento'),
 (452.00000,'La leyenda de los Nibelungos','Cuento'),
 (453.00000,'Los amotinados de la \"Bounty\"','Juvenil'),
 (454.00000,'Primer amor','Juvenil'),
 (455.00000,'Humo','Juvenil'),
 (456.00000,'La hija del capitán','Juvenil'),
 (457.00000,'Verano del 42','Novela'),
 (458.00000,'El Club de la Buena Estrella','Novela');
INSERT INTO obra VALUES  (459.00000,'Diario de las estrellas II. Viajes y memorias',NULL),
 (460.00000,'Estrella polar','Novela'),
 (461.00000,'Wilt','Novela'),
 (462.00000,'Daddy','Novela'),
 (463.00000,'Lo que el viento de llevó','Novela'),
 (464.00000,'Cumbres borrascosas','Novela'),
 (465.00000,'Mujeres enamoradas','Novela'),
 (466.00000,'El amante de Lady Chatterly','Novela'),
 (467.00000,'Pigmalión','Novela'),
 (468.00000,'El doctor Jivago','Novela'),
 (469.00000,'Amor sin barreras','Novela'),
 (470.00000,'Berenice','Misterio'),
 (471.00000,'Morelia','Misterio'),
 (472.00000,'Lady Ligeia','Misterio'),
 (473.00000,'La caída de la casa Usher','Misterio'),
 (474.00000,'William Wilson','Misterio'),
 (475.00000,'El misterio de María Roget','Misterio'),
 (476.00000,'Descenso dentro del Maelstrom','Misterio'),
 (477.00000,'el escarabajo de oro','Misterio'),
 (478.00000,'La barricada de amontillado','Misterio'),
 (479.00000,'El enterramiento prematuro','Misterio'),
 (480.00000,'El hombre entre la multitud','Misterio'),
 (481.00000,'El demonio de la perversidad','Misterio');
INSERT INTO obra VALUES  (482.00000,'El corazón delator','Misterio'),
 (483.00000,'El pozo y el péndulo','Misterio'),
 (484.00000,'La máscara de la muerte roja','Misterio'),
 (485.00000,'El rey Peste','Misterio'),
 (486.00000,'Conversación con una momia','Misterio'),
 (487.00000,'Sombra','Misterio'),
 (488.00000,'Silencio','Misterio'),
 (489.00000,'El retrato oval','Misterio'),
 (490.00000,'Eleonora','Misterio'),
 (491.00000,'Manuscritos hallados en una botella','Misterio'),
 (492.00000,'Metzengerstein','Misterio'),
 (493.00000,'Los anteojos','Misterio'),
 (494.00000,'Una historia de las montañas de Raggued','Misterio'),
 (495.00000,'El caso del señor Valdemar','Misterio'),
 (496.00000,'La cita','Misterio'),
 (497.00000,'El cajón oblongo','Misterio'),
 (498.00000,'La esfinge de la calavera','Misterio'),
 (499.00000,'El gato negro','Misterio'),
 (500.00000,'El cuervo','Poesía'),
 (501.00000,'A Helena','Poesía'),
 (502.00000,'A… …','Poesía'),
 (503.00000,'Anabel Lee','Poesía'),
 (504.00000,'Lo infinitamente pequeño','Artículo');
INSERT INTO obra VALUES  (505.00000,'Nuestra autóctona manera de ser','Artículo'),
 (506.00000,'Por favor: menos ruido','Artículo'),
 (507.00000,'Sobre el porqué los niños destruyen los juguetes','Artículo'),
 (508.00000,'Vida opaca en verano','Artículo'),
 (509.00000,'El resfriado anual','Artículo'),
 (510.00000,'La lucha contra el frío','Artículo'),
 (511.00000,'Los panteones','Artículo'),
 (512.00000,'La ilusión del cine','Artículo'),
 (513.00000,'Sobre el peinado femenino','Artículo'),
 (514.00000,'Sobre la calvicie y su peinado','Artículo'),
 (515.00000,'El centenario del sombrero de hongo, un pequeño ensayo','Artículo'),
 (516.00000,'Consideraciones sobre lo que se ha llevado en la cabeza','Artículo'),
 (517.00000,'Elegía del papel','Artículo'),
 (518.00000,'Baile veraniego','Artículo'),
 (519.00000,'El lenguaje de la sociedad','Artículo'),
 (520.00000,'San Antonio de los burros','Artículo'),
 (521.00000,'Grabado anacrónico','Artículo'),
 (522.00000,'Moscas y golondrinas','Artículo'),
 (523.00000,'Mimosas, grillos, guisantes','Artículo');
INSERT INTO obra VALUES  (524.00000,'La trastienda de los ojos','Cuento'),
 (525.00000,'La cocina de mi país','Artículo'),
 (526.00000,'Sobre la paella valenciana','Artículo'),
 (527.00000,'Sobre el pernil','Artículo'),
 (528.00000,'Sobre el bacalao','Artículo'),
 (529.00000,'¡Adiós perdices…!','Artículo'),
 (530.00000,'Educación de los niños modernos','Artículo'),
 (531.00000,'Falta aprendiz','Artículo'),
 (532.00000,'El automóvil','Artículo'),
 (533.00000,'Hacia la falda corta','Artículo'),
 (534.00000,'El fútbol de los presentes días','Artículo'),
 (535.00000,'Las recomendaciones','Artículo'),
 (536.00000,'La multicolocación','Artículo'),
 (537.00000,'La luna de enero','Artículo'),
 (538.00000,'Primavera: las fuentes','Artículo'),
 (539.00000,'El olor de la Cuaresma','Artículo'),
 (540.00000,'El espíritu de la pesca','Artículo'),
 (541.00000,'El veraneo que se practica','Artículo'),
 (542.00000,'Canícula en el mar','Artículo'),
 (543.00000,'Sobre el mar','Artículo'),
 (544.00000,'Tarde de domingo','Artículo');
INSERT INTO obra VALUES  (545.00000,'A los balnearios les falta energía','Artículo'),
 (546.00000,'Sobre la lluvia, la bruma, etcétera','Artículo'),
 (547.00000,'En la Ópera','Artículo'),
 (548.00000,'Mi entrada en la felicidad','Artículo'),
 (549.00000,'Buen viaje, señor presidente','Cuento'),
 (550.00000,'La santa','Cuento'),
 (551.00000,'El avión de la bella durmiente','Cuento'),
 (552.00000,'Me alquilo para soñar','Cuento'),
 (553.00000,'Sólo vine para hablar por teléfono','Cuento'),
 (554.00000,'Espantos de agosto','Cuento'),
 (555.00000,'María dos Prezeres','Cuento'),
 (556.00000,'Diecisiete ingleses envenenados','Cuento'),
 (557.00000,'Tramontana','Cuento'),
 (558.00000,'El verano feliz de la señora Forbes','Cuento'),
 (559.00000,'La luz es como el agua','Cuento'),
 (560.00000,'El rastro de tu sangre en la nieve','Cuento'),
 (561.00000,'La increíble y  triste historia de la cándida Eréndida y su abuela desalmada','Cuento'),
 (562.00000,'Un señor muy viejo con una alas enormes','Cuento'),
 (563.00000,'El mar del tiempo perdido','Cuento');
INSERT INTO obra VALUES  (564.00000,'El ahogado más hermoso del mundo','Cuento'),
 (565.00000,'Muerte constante más allá del amor','Cuento'),
 (566.00000,'El último viaje del buque fantasma','Cuento'),
 (567.00000,'Blacamán el bueno, vendedor de milagros','Cuento'),
 (568.00000,'Silencio por favor','Cuento'),
 (569.00000,'Caza mayor','Cuento'),
 (570.00000,'Patente en trámite','Cuento'),
 (571.00000,'Carrera de armamentos','Cuento'),
 (572.00000,'Masa crítica','Cuento'),
 (573.00000,'La melodía ideal','Cuento'),
 (574.00000,'El pacifista','Cuento'),
 (575.00000,'Los próximos inquilinos','Cuento'),
 (576.00000,'Espíritu inquieto','Cuento'),
 (577.00000,'El hombre que aró el mar','Cuento'),
 (578.00000,'La orquídea indecisa','Cuento'),
 (579.00000,'Guerra fría','Cuento'),
 (580.00000,'Un asunto de gravedad','Cuento'),
 (581.00000,'El bello durmiente','Cuento'),
 (582.00000,'La defenestración de Ermintrude Inch','Cuento'),
 (583.00000,'Variaciones sobre un tema','Cuento'),
 (584.00000,'Tarde de tedio','Cuento');
INSERT INTO obra VALUES  (585.00000,'Retirada','Cuento'),
 (586.00000,'Las ataduras','Cuento'),
 (587.00000,'Tendrá que volver','Cuento'),
 (588.00000,'Un alto en el camino','Cuento'),
 (589.00000,'La tata','Cuento'),
 (590.00000,'Lo que queda enterrado','Cuento'),
 (591.00000,'La conciencia tranquila','Cuento'),
 (592.00000,'La mujer de cera','Cuento'),
 (593.00000,'Novelas antes de tiempo','Novela'),
 (594.00000,'El episodio del doctor Russi','Novela');

/*!40000 ALTER TABLE obra ENABLE KEYS */;


--
-- Table structure for table biblioteca_03.prestamo
--


CREATE TABLE prestamo (
  NUM int NOT NULL,
  ID_LIB varchar(10) NOT NULL,
  PRIMARY KEY  (NUM,ID_LIB),
  
) ;

--
-- Dumping data for table biblioteca_03.prestamo
--

/*!40000 ALTER TABLE prestamo DISABLE KEYS */;
INSERT INTO prestamo VALUES  (1,'LIB-000347'),
 (1,'LIB-000348'),
 (2,'LIB-000194'),
 (2,'LIB-000320'),
 (2,'LIB-000321'),
 (2,'LIB-000322'),
 (2,'LIB-000347'),
 (2,'LIB-000448'),
 (2,'LIB-000449'),
 (4,'LIB-000448'),
 (5,'LIB-000360'),
 (5,'LIB-000361'),
 (5,'LIB-000362'),
 (5,'LIB-000363'),
 (5,'LIB-000364'),
 (7,'LIB-000347'),
 (7,'LIB-000452');

/*!40000 ALTER TABLE prestamo ENABLE KEYS */;


--
-- Table structure for table biblioteca_03.tema
--


CREATE TABLE tema (
  TEMATICA varchar(20) NOT NULL,
  DESCRIPCION varchar(50) default NULL,
  PRIMARY KEY  (TEMATICA)
) ;

--
-- Dumping data for table biblioteca_03.tema
--

/*!40000 ALTER TABLE tema DISABLE KEYS */;

INSERT INTO tema VALUES  ('Antropología',NULL),
 ('Artículo',NULL),
 ('Aventuras',NULL),
 ('Biografía',NULL),
 ('Ciencia Ficción',NULL),
 ('Clásico',NULL),
 ('Cocina',NULL),
 ('Cuento',NULL),
 ('Diccionario',NULL),
 ('Ensayo',NULL),
 ('Experiencias',NULL),
 ('Filosofía',NULL),
 ('Histórica',NULL),
 ('Intriga',NULL),
 ('Juvenil',NULL),
 ('Lógica',NULL),
 ('Misterio',NULL),
 ('Mitología',NULL),
 ('Negra',NULL),
 ('Novela',NULL),
 ('Poesía',NULL),
 ('Teatro',NULL),
 ('Viajes',NULL);

/*!40000 ALTER TABLE tema ENABLE KEYS */;
